cliente_id,nome,email,cidade,estado,setor
1,Cauã Pimenta,alice86@example.net,Floriano,Piauí,Tecnologia
2,Luiz Miguel Costa,gael-henrique52@example.com,São Raimundo Nonato,Piauí,Saúde
3,Daniela Gomes,oda-mata@example.com,Oeiras,Piauí,Saúde
4,Clara Monteiro,daniela30@example.org,Floriano,Piauí,Serviços
5,Josué Casa Grande,vieiraisabelly@example.net,Picos,Piauí,Serviços
6,Rael Leão,eloa52@example.net,Union,Piauí,Tecnologia
7,Júlia Pinto,ofogaca@example.com,Teresina,Piauí,Tecnologia
8,Heitor da Paz,vitor-gabrielfernandes@example.org,Barras,Piauí,Saúde
9,Lorenzo Moraes,lauraalmeida@example.com,Teresina,Piauí,Serviços
10,Davi Miguel Gomes,wvieira@example.org,Barras,Piauí,Serviços
11,Milena Correia,da-pazmarcelo@example.com,Union,Piauí,Saúde
12,Lucas Gabriel Lopes,da-motajoaquim@example.com,Cocal,Piauí,Serviços
13,Nina Pires,zvargas@example.org,São Raimundo Nonato,Piauí,Tecnologia
14,Ravy Ramos,leocasa-grande@example.com,Campo Maior,Piauí,Comércio
15,Diogo Guerra,qvargas@example.com,Altos,Piauí,Educação
16,Bento Brito,araujocatarina@example.net,Piripiri,Piauí,Saúde
17,Sra. Camila Albuquerque,xazevedo@example.com,Altos,Piauí,Tecnologia
18,Kaique Fonseca,jpires@example.net,Picos,Piauí,Comércio
19,Carolina da Paz,pedro-miguelsilveira@example.com,Floriano,Piauí,Educação
20,Sophie Dias,matheus01@example.net,José de Freitas,Piauí,Serviços
21,Bruno Santos,aribeiro@example.net,São Raimundo Nonato,Piauí,Tecnologia
22,Lucca Barros,caiopacheco@example.net,Cocal,Piauí,Serviços
23,Caleb Sá,caio18@example.org,Floriano,Piauí,Comércio
24,Ana Julia Câmara,zsilveira@example.net,Picos,Piauí,Serviços
25,Pedro Henrique Sales,juliavargas@example.org,Esperantina,Piauí,Serviços
26,Enrico Santos,ferreiraagatha@example.net,José de Freitas,Piauí,Serviços
27,Luiz Felipe Montenegro,camarastella@example.org,Barras,Piauí,Tecnologia
28,Sophia da Conceição,calebebrito@example.com,Parnaíba,Piauí,Saúde
29,Benjamin da Mata,juanpacheco@example.com,Esperantina,Piauí,Tecnologia
30,Heitor Borges,davi-lucas26@example.org,Oeiras,Piauí,Tecnologia
31,Dra. Zoe Costa,saigor@example.org,Pedro II,Piauí,Educação
32,Anthony Gabriel Nascimento,vieirahenry-gabriel@example.com,Cocal,Piauí,Educação
33,Nicolas Novais,da-matalivia@example.com,Campo Maior,Piauí,Educação
34,Ana Carolina Sá,agathacavalcanti@example.com,José de Freitas,Piauí,Saúde
35,Maitê Rezende,aferreira@example.net,São Raimundo Nonato,Piauí,Tecnologia
36,Rhavi Rocha,machadopaulo@example.com,Campo Maior,Piauí,Serviços
37,Joana Caldeira,maria-juliacarvalho@example.com,Oeiras,Piauí,Saúde
38,Ana Clara Barbosa,pmendes@example.org,Cocal,Piauí,Comércio
39,Carolina Siqueira,maria-clara06@example.org,São Raimundo Nonato,Piauí,Serviços
40,Mirella Porto,pintoluigi@example.org,Oeiras,Piauí,Educação
41,Thales Pastor,emoreira@example.com,Parnaíba,Piauí,Saúde
42,Marina Pinto,abreucaroline@example.net,Parnaíba,Piauí,Educação
43,Lavínia Sampaio,luiz-gustavo72@example.com,Pedro II,Piauí,Educação
44,Yago da Paz,pastorravy@example.net,Picos,Piauí,Saúde
45,Lucas Gabriel da Mata,lara93@example.org,Altos,Piauí,Saúde
46,Mariah Montenegro,manuella13@example.com,Luís Correia,Piauí,Comércio
47,Dr. Renan Borges,limaantonella@example.net,Cocal,Piauí,Saúde
48,Emanuel Moraes,ncorreia@example.com,São Raimundo Nonato,Piauí,Saúde
49,Sra. Isabella Camargo,eduardopacheco@example.net,Oeiras,Piauí,Serviços
50,Heitor Almeida,alexiacassiano@example.com,São Raimundo Nonato,Piauí,Serviços
51,Isis Pires,rafaelsales@example.com,Union,Piauí,Serviços
52,Heloísa Melo,eloahalves@example.org,Pedro II,Piauí,Educação
53,Maria Liz Souza,emillycaldeira@example.org,Oeiras,Piauí,Saúde
54,Benjamin Porto,helena27@example.com,Luís Correia,Piauí,Tecnologia
55,Ana Julia Farias,luiz-gustavosampaio@example.net,Parnaíba,Piauí,Tecnologia
56,Josué Monteiro,henriquerios@example.net,Piripiri,Piauí,Saúde
57,Sra. Aurora Siqueira,otavioda-paz@example.org,Union,Piauí,Serviços
58,Mateus Fernandes,luiz-fernando20@example.com,Picos,Piauí,Comércio
59,Maria Aparecida,salesclarice@example.org,Pedro II,Piauí,Serviços
60,João da Luz,marceloda-rosa@example.net,Cocal,Piauí,Serviços
61,Yan Albuquerque,maite87@example.net,São Raimundo Nonato,Piauí,Serviços
62,Henry Novais,camarajosue@example.org,Teresina,Piauí,Tecnologia
63,Sophia Gonçalves,hrios@example.com,São Raimundo Nonato,Piauí,Educação
64,Amanda Cirino,diaslaura@example.net,Floriano,Piauí,Educação
65,Ana Cecília Costela,joao-miguelalves@example.com,Union,Piauí,Saúde
66,Noah Novaes,fcardoso@example.com,Cocal,Piauí,Tecnologia
67,Maria Julia da Conceição,maria-vitoriapimenta@example.net,São Raimundo Nonato,Piauí,Serviços
68,Apollo Novaes,murilo27@example.net,Campo Maior,Piauí,Serviços
69,Gael Henrique Rios,hellenada-paz@example.org,Floriano,Piauí,Educação
70,Anthony Gabriel Rocha,felipe47@example.org,Barras,Piauí,Saúde
71,Nathan Andrade,bruna66@example.org,José de Freitas,Piauí,Saúde
72,Maria Alice da Mota,caua35@example.org,Teresina,Piauí,Serviços
73,Eduarda Castro,davi-migueldas-neves@example.org,Altos,Piauí,Comércio
74,Rodrigo Lima,matheus47@example.org,Teresina,Piauí,Tecnologia
75,Ian Siqueira,ana-julia62@example.net,José de Freitas,Piauí,Educação
76,Henry Gabriel Cirino,pcostela@example.org,Oeiras,Piauí,Tecnologia
77,Carlos Eduardo Nogueira,rrios@example.org,Oeiras,Piauí,Serviços
78,Dante Câmara,ccamara@example.org,Picos,Piauí,Tecnologia
79,Enrico Machado,vieiraandre@example.org,Luís Correia,Piauí,Tecnologia
80,Arthur Miguel Garcia,kpinto@example.org,Piripiri,Piauí,Saúde
81,Ísis Gomes,diasraul@example.org,Luís Correia,Piauí,Serviços
82,Maria Vitória Gonçalves,thiago63@example.com,Campo Maior,Piauí,Educação
83,Ágatha Teixeira,isousa@example.org,Union,Piauí,Saúde
84,Antônio Monteiro,fogacacaio@example.com,Barras,Piauí,Educação
85,Alícia Pastor,caldeiranicole@example.org,Pedro II,Piauí,Educação
86,Carolina Casa Grande,joao-felipe05@example.org,Cocal,Piauí,Serviços
87,Kaique Câmara,gcardoso@example.com,Cocal,Piauí,Tecnologia
88,Maria Luísa Pastor,luccada-paz@example.com,Oeiras,Piauí,Saúde
89,Pedro Miguel Costa,luisaoliveira@example.net,Picos,Piauí,Educação
90,Maitê Farias,xcostela@example.com,Teresina,Piauí,Serviços
91,João Vitor Pastor,caua44@example.net,Oeiras,Piauí,Serviços
92,Bento da Costa,sarahpires@example.net,Oeiras,Piauí,Tecnologia
93,Maria Julia Peixoto,nicolevargas@example.org,Picos,Piauí,Tecnologia
94,Yan Albuquerque,prezende@example.org,Oeiras,Piauí,Tecnologia
95,Emanuelly Leão,leo47@example.com,Parnaíba,Piauí,Educação
96,Sra. Eduarda Ribeiro,pietrocirino@example.com,Picos,Piauí,Serviços
97,Anna Liz Oliveira,aliciafogaca@example.net,Oeiras,Piauí,Educação
98,Alícia das Neves,liz90@example.org,Luís Correia,Piauí,Saúde
99,Dra. Luara Rodrigues,gael-henriquemarques@example.org,Piripiri,Piauí,Serviços
100,Fernando Fogaça,lmendes@example.com,Luís Correia,Piauí,Saúde
101,Carlos Eduardo Cavalcante,cavalcantimaria@example.com,Luís Correia,Piauí,Comércio
102,Isabela Câmara,manuella30@example.com,Barras,Piauí,Tecnologia
103,Francisco Rocha,zguerra@example.net,Floriano,Piauí,Comércio
104,Mirella Nascimento,ifonseca@example.com,José de Freitas,Piauí,Comércio
105,Gabriela Pimenta,nicole62@example.net,Union,Piauí,Comércio
106,Juan Borges,jcasa-grande@example.net,Parnaíba,Piauí,Tecnologia
107,Antônio da Conceição,clarice34@example.net,Parnaíba,Piauí,Comércio
108,Mirella Siqueira,sabrinaborges@example.net,Altos,Piauí,Tecnologia
109,Daniela Pimenta,da-pazluigi@example.net,Oeiras,Piauí,Saúde
110,Raquel da Mota,costabryan@example.net,Barras,Piauí,Serviços
111,Hadassa Costa,alicia03@example.com,Cocal,Piauí,Saúde
112,Leonardo Novais,arthur-miguelcarvalho@example.com,Union,Piauí,Saúde
113,Lucas Gabriel Teixeira,eloa93@example.net,São Raimundo Nonato,Piauí,Comércio
114,Dra. Ana Carolina Carvalho,fariasbryan@example.net,Oeiras,Piauí,Tecnologia
115,Mariane Pastor,epires@example.com,Cocal,Piauí,Serviços
116,Ana Lívia Nogueira,cirinovitor-gabriel@example.net,Floriano,Piauí,Tecnologia
117,Ana Laura Sales,theo19@example.com,Teresina,Piauí,Tecnologia
118,Otávio Novais,joana30@example.com,Oeiras,Piauí,Saúde
119,Noah Abreu,alana95@example.net,Union,Piauí,Comércio
120,Gustavo Henrique Novaes,evelyn65@example.com,Luís Correia,Piauí,Saúde
121,Isabela Alves,diogopereira@example.net,Pedro II,Piauí,Tecnologia
122,Heloisa da Paz,almeidapietro@example.net,Campo Maior,Piauí,Comércio
123,Thales Machado,isisfogaca@example.com,Teresina,Piauí,Comércio
124,João Cassiano,sampaiodanilo@example.net,São Raimundo Nonato,Piauí,Comércio
125,Mateus Freitas,nda-conceicao@example.com,Esperantina,Piauí,Comércio
126,Ana Beatriz Silveira,maria-claracarvalho@example.org,Luís Correia,Piauí,Saúde
127,Ana Laura das Neves,carlos-eduardo58@example.com,Barras,Piauí,Educação
128,João Silveira,andradebruno@example.net,Barras,Piauí,Tecnologia
129,Lorenzo Machado,barbosarafael@example.org,Parnaíba,Piauí,Educação
130,Anthony Marques,pastorhelena@example.com,Parnaíba,Piauí,Tecnologia
131,Bárbara Moraes,fernandavasconcelos@example.net,Luís Correia,Piauí,Serviços
132,Maria Vitória Pimenta,aaparecida@example.org,Campo Maior,Piauí,Tecnologia
133,Ana Luiza Caldeira,moraesjose-pedro@example.net,Picos,Piauí,Saúde
134,Srta. Sophia Melo,bramos@example.net,Picos,Piauí,Serviços
135,Allana Fonseca,joao-miguelalves@example.net,Picos,Piauí,Saúde
136,Eloá Rodrigues,barbara56@example.org,Pedro II,Piauí,Tecnologia
137,Sra. Maria Isis Cassiano,igormarques@example.org,Oeiras,Piauí,Serviços
138,Mariah Moura,diasagatha@example.org,Parnaíba,Piauí,Serviços
139,Igor da Mata,garcialeo@example.com,Picos,Piauí,Comércio
140,Davi Luiz Ramos,hfernandes@example.org,Altos,Piauí,Educação
141,João Vitor Casa Grande,zcunha@example.org,Barras,Piauí,Educação
142,Ravi Borges,gcunha@example.net,Oeiras,Piauí,Educação
143,Sr. Anthony Gabriel Sá,pietropereira@example.org,Pedro II,Piauí,Saúde
144,Gabriela Rios,aragaoantonella@example.net,Esperantina,Piauí,Comércio
145,Dra. Isabelly da Rosa,mendesantonella@example.com,Altos,Piauí,Tecnologia
146,Sr. Bryan Sousa,da-rochamaria-laura@example.net,Teresina,Piauí,Comércio
147,Dr. Luiz Fernando Araújo,cassianoana-julia@example.org,Floriano,Piauí,Tecnologia
148,Sra. Cecília Fonseca,monteirogabriela@example.org,Barras,Piauí,Serviços
149,Marina Rezende,melina49@example.com,São Raimundo Nonato,Piauí,Saúde
150,Alexandre da Paz,carolina87@example.org,José de Freitas,Piauí,Tecnologia
151,Srta. Catarina Fernandes,nathannogueira@example.org,Oeiras,Piauí,Educação
152,Antony Melo,nicolas27@example.org,Esperantina,Piauí,Saúde
153,Olivia Lopes,luna83@example.com,Cocal,Piauí,Serviços
154,Renan Duarte,luiz-otavio38@example.net,Esperantina,Piauí,Serviços
155,Benício Santos,ninaaraujo@example.org,Teresina,Piauí,Serviços
156,Ravi Lucca da Conceição,da-rosaenrico@example.com,Esperantina,Piauí,Tecnologia
157,Noah Cavalcante,pachecoana-sophia@example.org,Piripiri,Piauí,Educação
158,Dr. Davi Miguel da Cunha,otaviodas-neves@example.net,Floriano,Piauí,Tecnologia
159,Luiz Miguel Nascimento,maria-julia88@example.org,Piripiri,Piauí,Educação
160,Camila Albuquerque,rafaelmarques@example.com,Esperantina,Piauí,Serviços
161,Sofia da Rocha,maria-alicecampos@example.com,Barras,Piauí,Educação
162,Daniela da Cruz,sarah53@example.net,Barras,Piauí,Educação
163,Sra. Maitê Casa Grande,anthony-gabriel40@example.org,Luís Correia,Piauí,Educação
164,Ana Julia Barbosa,gabrielly78@example.com,Parnaíba,Piauí,Tecnologia
165,Luara Alves,monteirokevin@example.net,Union,Piauí,Educação
166,Raul Câmara,xduarte@example.org,Parnaíba,Piauí,Tecnologia
167,Dra. Lívia Lima,qda-rosa@example.net,Altos,Piauí,Saúde
168,Nathan Jesus,valentimmoreira@example.net,São Raimundo Nonato,Piauí,Saúde
169,Natália Freitas,caleb13@example.com,Cocal,Piauí,Serviços
170,Bella Ribeiro,sabrina68@example.net,Union,Piauí,Serviços
171,Dr. Vicente Andrade,mnunes@example.org,Teresina,Piauí,Tecnologia
172,Isabella Montenegro,silvabenicio@example.com,Picos,Piauí,Saúde
173,Dra. Gabrielly Lima,cavalcanteolivia@example.org,Parnaíba,Piauí,Educação
174,Alana Carvalho,snunes@example.net,Piripiri,Piauí,Comércio
175,Natália Araújo,alopes@example.org,Piripiri,Piauí,Tecnologia
176,Gabrielly Cassiano,amanda66@example.com,Esperantina,Piauí,Educação
177,Luigi Santos,pachecogabriela@example.com,Parnaíba,Piauí,Educação
178,Aylla Vargas,abreumelissa@example.com,Barras,Piauí,Saúde
179,Eloah Guerra,mateus72@example.com,Floriano,Piauí,Educação
180,Bryan Fernandes,leticiaalbuquerque@example.com,Union,Piauí,Serviços
181,Emanuelly Novaes,svasconcelos@example.com,Piripiri,Piauí,Saúde
182,Dra. Valentina Nogueira,mendeseloa@example.org,Campo Maior,Piauí,Saúde
183,Laís Alves,goncalveslorena@example.com,Union,Piauí,Tecnologia
184,Emanuelly Araújo,vieiraemanuel@example.net,Campo Maior,Piauí,Educação
185,Levi Montenegro,leo78@example.com,Union,Piauí,Saúde
186,Benicio Cirino,joao-lucas15@example.net,São Raimundo Nonato,Piauí,Saúde
187,Sra. Carolina Vargas,lopesthales@example.net,Floriano,Piauí,Comércio
188,Júlia da Cruz,fnunes@example.com,Parnaíba,Piauí,Comércio
189,Vitor Hugo Viana,jpastor@example.net,Oeiras,Piauí,Saúde
190,Ana Beatriz Martins,muriloalbuquerque@example.org,Cocal,Piauí,Educação
191,Benicio da Rocha,sabrina61@example.org,Esperantina,Piauí,Saúde
192,Maria Liz da Cunha,raquel18@example.org,Oeiras,Piauí,Tecnologia
193,Kevin Dias,liam98@example.com,Barras,Piauí,Comércio
194,Pedro Henrique Campos,bbrito@example.net,Altos,Piauí,Educação
195,Mariane Cassiano,catarinacamargo@example.com,Picos,Piauí,Educação
196,Vicente Macedo,ybarbosa@example.org,José de Freitas,Piauí,Serviços
197,Júlia Dias,gmoura@example.com,Pedro II,Piauí,Serviços
198,Théo Novais,garcialucca@example.com,Altos,Piauí,Tecnologia
199,Maria Isis Nogueira,tjesus@example.com,Floriano,Piauí,Educação
200,Dra. Emanuelly Oliveira,luana36@example.com,Campo Maior,Piauí,Serviços
