id_pagamento,id_contrato,data_pagamento,valor_pago,forma_pagamento,status_pagamento
1,105,2025-05-02,8123.58,Boleto,Atrasado
2,131,2023-12-24,6202.02,Cartão,Atrasado
3,255,2023-03-24,7905.0,Transferência,Em aberto
4,90,2024-08-10,4437.0,Transferência,Pago
5,273,2025-05-27,6605.0,Boleto,Em aberto
6,257,2025-07-31,5441.0,PIX,Em aberto
7,37,2024-09-17,4376.42,Cartão,Atrasado
8,224,2025-06-13,6586.0,Transferência,Pago
9,40,2024-12-07,2193.1,Transferência,Atrasado
10,214,2025-04-02,5098.65,Cartão,Atrasado
11,167,2024-08-29,8435.0,Transferência,Pago
12,186,2025-02-23,2146.0,Transferência,Pago
13,55,2025-04-20,4762.0,Transferência,Pago
14,206,2025-08-14,5189.0,Cartão,Em aberto
15,203,2025-07-29,4260.64,Boleto,Atrasado
16,171,2025-05-28,7230.0,Cartão,Pago
17,262,2024-08-13,1576.0,Cartão,Em aberto
18,272,2023-09-13,1898.0,Boleto,Em aberto
19,179,2025-08-09,5546.15,Boleto,Atrasado
20,121,2025-03-27,4429.0,Boleto,Pago
21,132,2024-01-13,8179.0,Boleto,Pago
22,79,2025-06-25,4925.0,Cartão,Em aberto
23,91,2025-07-07,8541.0,Transferência,Em aberto
24,238,2025-08-14,4368.0,Transferência,Em aberto
25,290,2024-04-27,6085.0,PIX,Em aberto
26,162,2025-07-30,3622.0,Transferência,Pago
27,35,2024-10-18,6119.02,PIX,Atrasado
28,141,2025-05-22,7641.0,Cartão,Em aberto
29,181,2024-04-15,5688.0,Cartão,Em aberto
30,159,2025-02-23,3595.12,Cartão,Atrasado
31,189,2023-08-14,4009.91,Cartão,Atrasado
32,260,2024-09-07,5845.14,Cartão,Atrasado
33,231,2024-01-26,9307.0,Boleto,Em aberto
34,165,2024-07-05,542.0,Transferência,Em aberto
35,257,2025-08-14,5441.0,Cartão,Pago
36,231,2023-05-24,9307.0,PIX,Pago
37,44,2024-04-17,820.0,Boleto,Em aberto
38,21,2023-07-18,5585.0,Transferência,Pago
39,225,2025-05-25,8224.0,Boleto,Em aberto
40,187,2025-07-03,4687.95,Transferência,Atrasado
41,210,2025-08-13,883.44,Cartão,Atrasado
42,172,2025-07-10,8249.0,PIX,Pago
43,49,2024-01-29,975.0,Transferência,Em aberto
44,146,2024-11-03,5574.61,Boleto,Atrasado
45,171,2024-11-23,7230.0,Boleto,Pago
46,180,2025-04-26,5218.68,Transferência,Atrasado
47,67,2023-11-10,9981.0,Cartão,Em aberto
48,159,2025-03-09,5281.0,Transferência,Em aberto
49,169,2025-03-02,5772.0,Cartão,Pago
50,217,2024-11-10,6049.0,PIX,Em aberto
51,10,2025-01-18,4422.19,Boleto,Atrasado
52,175,2023-11-22,1236.66,Boleto,Atrasado
53,80,2023-03-04,8421.0,PIX,Pago
54,52,2024-08-05,941.0,Cartão,Em aberto
55,173,2024-02-16,2992.0,Boleto,Em aberto
56,193,2024-09-08,8653.0,Boleto,Pago
57,93,2024-05-11,4486.0,Boleto,Em aberto
58,225,2024-12-24,8224.0,Transferência,Pago
59,187,2025-07-25,5406.0,Boleto,Em aberto
60,228,2025-05-30,5451.0,PIX,Em aberto
61,230,2023-12-15,8571.0,Boleto,Pago
62,159,2025-05-27,4550.06,Boleto,Atrasado
63,189,2024-04-27,7556.0,Transferência,Em aberto
64,237,2024-07-01,3292.86,Transferência,Atrasado
65,83,2025-04-03,8113.0,Boleto,Pago
66,129,2025-01-09,4852.0,Transferência,Pago
67,191,2025-06-22,3450.0,Cartão,Em aberto
68,265,2025-02-10,7548.0,PIX,Pago
69,43,2025-04-25,7383.0,PIX,Pago
70,231,2024-03-20,9307.0,Boleto,Em aberto
71,224,2025-05-16,6586.0,Boleto,Pago
72,231,2024-09-17,8117.46,Transferência,Atrasado
73,28,2024-11-29,6297.41,Boleto,Atrasado
74,198,2023-03-05,6161.0,PIX,Pago
75,115,2024-10-02,2440.0,PIX,Pago
76,51,2025-05-01,8157.0,PIX,Em aberto
77,75,2025-05-25,707.0,Cartão,Pago
78,147,2023-09-10,1511.71,Boleto,Atrasado
79,241,2024-01-16,1866.09,Cartão,Atrasado
80,10,2025-07-17,4157.77,Boleto,Atrasado
81,281,2023-07-11,2382.0,Transferência,Em aberto
82,57,2024-05-18,3993.42,Cartão,Atrasado
83,25,2023-12-12,6791.0,Transferência,Pago
84,235,2024-12-09,8517.0,Cartão,Pago
85,256,2025-06-19,1210.0,Cartão,Em aberto
86,264,2024-05-30,9192.0,Boleto,Em aberto
87,74,2023-09-09,1094.19,PIX,Atrasado
88,124,2025-02-16,5220.0,Transferência,Em aberto
89,96,2025-08-20,5919.0,Cartão,Em aberto
90,269,2024-06-07,1084.19,Cartão,Atrasado
91,200,2024-02-23,2819.39,Transferência,Atrasado
92,192,2025-03-19,5406.34,PIX,Atrasado
93,35,2024-04-17,5391.91,Cartão,Atrasado
94,298,2024-02-16,8472.0,PIX,Em aberto
95,69,2024-08-01,1745.0,PIX,Pago
96,280,2025-05-25,1876.14,Boleto,Atrasado
97,238,2025-07-23,4368.0,Transferência,Em aberto
98,94,2025-06-06,6546.0,Cartão,Pago
99,235,2024-08-08,8517.0,PIX,Pago
100,104,2024-07-18,3439.0,Boleto,Pago
101,22,2025-01-14,786.01,Transferência,Atrasado
102,279,2024-07-17,1825.02,Boleto,Atrasado
103,147,2024-05-21,1640.71,Cartão,Atrasado
104,170,2023-08-12,5425.33,PIX,Atrasado
105,224,2025-04-09,5251.17,Transferência,Atrasado
106,174,2024-10-17,8729.0,Transferência,Pago
107,255,2024-11-09,6875.17,PIX,Atrasado
108,43,2025-05-14,7383.0,Transferência,Em aberto
109,41,2025-03-14,5406.94,Boleto,Atrasado
110,280,2025-05-07,1428.55,Cartão,Atrasado
111,168,2025-05-13,9403.0,PIX,Em aberto
112,157,2024-10-07,1502.11,Transferência,Atrasado
113,86,2024-09-06,6313.0,Transferência,Em aberto
114,180,2023-06-27,3041.17,PIX,Atrasado
115,223,2023-04-08,3624.0,Cartão,Atrasado
116,39,2024-10-11,2971.0,Transferência,Em aberto
117,187,2025-07-22,5406.0,Boleto,Em aberto
118,16,2025-02-14,5779.0,Transferência,Pago
119,18,2024-10-16,3280.0,Cartão,Pago
120,121,2025-02-19,4429.0,PIX,Em aberto
121,186,2025-01-26,1888.02,Cartão,Atrasado
122,79,2025-07-18,4925.0,Transferência,Em aberto
123,190,2023-12-22,4913.1,Cartão,Atrasado
124,294,2024-02-27,7759.0,PIX,Pago
125,204,2024-02-10,3796.84,Boleto,Atrasado
126,59,2024-10-24,817.0,Boleto,Pago
127,256,2025-03-12,1210.0,Transferência,Em aberto
128,288,2025-02-10,1002.0,PIX,Pago
129,134,2025-04-23,8590.0,Transferência,Em aberto
130,110,2024-05-14,3520.0,PIX,Em aberto
131,252,2025-08-16,7397.0,Cartão,Pago
132,70,2025-04-21,4478.0,Transferência,Pago
133,89,2025-07-16,7158.0,Transferência,Em aberto
134,45,2023-10-29,596.0,PIX,Em aberto
135,178,2024-08-15,8192.0,Cartão,Em aberto
136,282,2025-06-16,7530.0,PIX,Em aberto
137,154,2022-10-05,8441.0,Boleto,Pago
138,186,2025-05-22,2146.0,Boleto,Em aberto
139,63,2025-07-30,2568.0,Boleto,Pago
140,122,2023-04-24,1564.21,PIX,Atrasado
141,240,2023-09-27,1492.0,Boleto,Em aberto
142,45,2024-03-27,596.0,PIX,Pago
143,204,2025-03-01,4997.0,Transferência,Em aberto
144,270,2024-09-30,3776.65,Cartão,Atrasado
145,65,2024-01-06,3556.08,Transferência,Atrasado
146,239,2025-07-17,6518.0,PIX,Em aberto
147,66,2024-12-01,2376.0,Boleto,Em aberto
148,67,2024-06-02,6998.13,Cartão,Atrasado
149,64,2025-07-20,9740.0,Boleto,Em aberto
150,156,2025-07-29,9524.0,Boleto,Pago
151,166,2025-07-21,8522.0,Boleto,Em aberto
152,178,2025-08-20,8192.0,PIX,Em aberto
153,41,2023-10-13,4221.47,PIX,Atrasado
154,65,2025-04-12,4698.0,PIX,Em aberto
155,274,2024-07-21,9701.0,Boleto,Pago
156,298,2023-10-29,8472.0,Boleto,Pago
157,173,2025-02-24,2992.0,Cartão,Em aberto
158,15,2025-08-07,5200.0,Cartão,Pago
159,296,2025-04-26,6763.46,Transferência,Atrasado
160,16,2024-10-01,4944.51,PIX,Atrasado
161,155,2024-06-10,2642.94,Transferência,Atrasado
162,153,2025-05-27,5026.24,Cartão,Atrasado
163,81,2025-08-15,3262.62,Transferência,Atrasado
164,105,2025-01-11,6870.39,PIX,Atrasado
165,164,2022-12-24,7298.0,PIX,Em aberto
166,205,2025-04-12,1303.0,PIX,Pago
167,264,2023-06-12,9192.0,Cartão,Em aberto
168,164,2023-04-22,7298.0,Transferência,Pago
169,63,2025-06-17,1745.83,Boleto,Atrasado
170,50,2024-09-26,7124.0,PIX,Pago
171,197,2025-08-12,3088.0,Transferência,Em aberto
172,128,2025-05-13,4183.0,PIX,Pago
173,296,2025-05-22,8894.0,PIX,Em aberto
174,98,2024-07-26,2476.0,Transferência,Pago
175,264,2024-02-24,6429.84,PIX,Atrasado
176,255,2023-05-22,7905.0,Cartão,Pago
177,202,2025-05-14,9870.0,Transferência,Em aberto
178,124,2025-07-18,5220.0,PIX,Pago
179,25,2023-06-04,6791.0,PIX,Pago
180,254,2024-12-20,6431.0,Transferência,Em aberto
181,147,2024-03-30,1942.0,Cartão,Em aberto
182,56,2023-06-28,4400.36,PIX,Atrasado
183,188,2025-08-29,917.21,Transferência,Atrasado
184,27,2023-02-24,2246.0,Boleto,Em aberto
185,186,2025-03-03,2146.0,PIX,Em aberto
186,38,2025-07-06,4026.37,PIX,Atrasado
187,61,2025-03-16,1159.0,Cartão,Pago
188,202,2024-06-20,8073.25,PIX,Atrasado
189,286,2025-08-07,2784.5,Boleto,Atrasado
190,261,2024-06-01,1276.16,Cartão,Atrasado
191,20,2024-01-04,5991.0,PIX,Pago
192,243,2024-08-10,849.0,Transferência,Em aberto
193,77,2025-08-26,8032.0,Boleto,Em aberto
194,168,2025-08-11,9403.0,PIX,Em aberto
195,84,2024-02-10,6012.92,PIX,Atrasado
196,173,2024-03-14,2992.0,Transferência,Em aberto
197,289,2025-08-27,2776.39,Cartão,Atrasado
198,189,2025-03-19,5814.51,Transferência,Atrasado
199,299,2023-11-25,1018.47,Cartão,Atrasado
200,243,2025-01-06,752.92,Boleto,Atrasado
201,27,2024-02-08,2246.0,Transferência,Em aberto
202,88,2025-07-19,3630.0,Transferência,Em aberto
203,76,2025-05-06,7602.0,Boleto,Em aberto
204,17,2025-03-11,4001.0,Cartão,Em aberto
205,98,2023-10-01,2476.0,Transferência,Pago
206,161,2024-12-30,4475.05,Boleto,Atrasado
207,211,2025-07-05,9995.0,Transferência,Em aberto
208,32,2025-08-17,8770.0,Boleto,Em aberto
209,266,2024-11-12,9533.0,PIX,Pago
210,245,2025-03-12,9580.0,Transferência,Em aberto
211,161,2025-05-18,7983.0,Transferência,Pago
212,273,2025-08-03,4745.75,PIX,Atrasado
213,248,2025-04-26,9350.0,Boleto,Pago
214,143,2025-06-05,5760.0,PIX,Em aberto
215,116,2025-08-21,3393.15,Boleto,Atrasado
216,251,2025-07-25,2320.7,PIX,Atrasado
217,148,2023-12-29,2399.0,Transferência,Pago
218,203,2025-07-03,4706.4,Boleto,Atrasado
219,149,2025-01-06,518.0,PIX,Pago
220,41,2023-05-27,6345.5,PIX,Atrasado
221,246,2024-12-14,4317.0,Boleto,Pago
222,276,2025-06-22,6487.07,PIX,Atrasado
223,71,2024-10-23,5441.0,Boleto,Pago
224,125,2024-12-23,7938.0,Boleto,Pago
225,120,2025-08-03,4835.0,Cartão,Pago
226,212,2024-09-24,1555.0,Cartão,Atrasado
227,71,2025-05-27,5441.0,Boleto,Pago
228,209,2023-12-10,2740.0,Transferência,Em aberto
229,245,2025-05-22,9580.0,Boleto,Em aberto
230,148,2024-05-02,1473.38,Cartão,Atrasado
231,46,2024-08-06,6889.0,Boleto,Em aberto
232,274,2024-01-14,9701.0,Cartão,Em aberto
233,90,2025-03-14,3784.31,Boleto,Atrasado
234,19,2024-10-20,7291.82,Boleto,Atrasado
235,149,2024-08-01,518.0,Cartão,Pago
236,153,2024-12-10,9498.0,Cartão,Em aberto
237,172,2025-02-27,5623.67,Transferência,Atrasado
238,69,2024-08-17,1745.0,Transferência,Em aberto
239,140,2024-01-08,7745.0,Cartão,Pago
240,170,2023-07-14,9868.0,Transferência,Pago
241,132,2024-12-17,8179.0,Boleto,Em aberto
242,8,2023-12-03,2541.0,PIX,Em aberto
243,152,2025-08-12,7742.0,Boleto,Em aberto
244,90,2024-10-16,4437.0,Transferência,Em aberto
245,219,2025-01-03,4196.0,PIX,Em aberto
246,45,2024-08-12,457.55,Boleto,Atrasado
247,72,2025-04-07,1562.9,Boleto,Atrasado
248,4,2025-05-17,3053.48,Transferência,Atrasado
249,137,2024-12-16,6160.6,Cartão,Atrasado
250,134,2024-08-16,8590.0,PIX,Em aberto
251,121,2025-06-15,4429.0,Cartão,Pago
252,239,2025-08-26,3675.41,PIX,Atrasado
253,61,2025-07-08,1159.0,PIX,Em aberto
254,189,2024-05-14,7556.0,Boleto,Em aberto
255,113,2025-08-05,1378.0,Transferência,Pago
256,79,2025-02-28,3935.54,PIX,Atrasado
257,213,2025-05-09,7307.0,Transferência,Em aberto
258,276,2025-07-06,7429.0,Boleto,Em aberto
259,127,2025-06-27,3741.0,Cartão,Em aberto
260,270,2025-02-06,3325.9,PIX,Atrasado
261,40,2024-02-26,3003.0,Cartão,Em aberto
262,32,2024-07-15,8770.0,Boleto,Em aberto
263,294,2024-11-27,7759.0,Boleto,Em aberto
264,85,2023-03-11,4903.45,Transferência,Atrasado
265,60,2025-06-28,6233.0,Boleto,Em aberto
266,299,2024-10-31,667.25,Transferência,Atrasado
267,29,2025-07-20,2532.83,Transferência,Atrasado
268,234,2024-03-13,3031.0,Cartão,Em aberto
269,287,2025-01-24,5434.51,PIX,Atrasado
270,12,2025-07-05,4038.56,Cartão,Atrasado
271,112,2025-06-07,8556.0,Cartão,Em aberto
272,24,2025-01-29,6334.11,Cartão,Atrasado
273,278,2025-07-03,2197.0,Cartão,Pago
274,242,2025-05-27,3975.0,PIX,Pago
275,210,2025-03-09,1145.0,Boleto,Pago
276,216,2024-04-18,7530.62,Transferência,Atrasado
277,230,2024-05-05,5573.36,Boleto,Atrasado
278,179,2025-08-11,7012.0,Boleto,Pago
279,276,2025-08-17,5286.01,Boleto,Atrasado
280,2,2025-05-29,5639.0,PIX,Pago
281,238,2025-08-12,4368.0,Transferência,Em aberto
282,273,2025-08-12,5477.82,Boleto,Atrasado
283,236,2025-08-17,2856.89,Boleto,Atrasado
284,58,2025-05-27,7406.0,Transferência,Pago
285,9,2023-08-06,5567.0,Boleto,Pago
286,35,2025-08-08,9040.0,Cartão,Pago
287,229,2024-08-27,2790.0,Cartão,Em aberto
288,126,2023-11-12,4834.0,Cartão,Em aberto
289,206,2025-08-25,3080.89,Boleto,Atrasado
290,29,2025-07-01,4582.0,PIX,Pago
291,120,2025-08-13,4835.0,PIX,Em aberto
292,296,2025-01-05,8894.0,PIX,Em aberto
293,122,2024-10-21,2605.94,Boleto,Atrasado
294,212,2024-11-21,1205.48,Boleto,Atrasado
295,219,2023-10-01,4196.0,Transferência,Em aberto
296,25,2024-07-29,5953.23,Transferência,Atrasado
297,269,2025-04-16,1601.42,Transferência,Atrasado
298,77,2025-08-19,5225.49,Transferência,Atrasado
299,124,2025-08-15,5220.0,PIX,Pago
300,74,2023-03-15,1410.55,Transferência,Atrasado
301,214,2024-12-19,9337.0,Boleto,Em aberto
302,199,2024-06-23,7451.0,PIX,Pago
303,105,2025-05-19,7018.57,Transferência,Atrasado
304,190,2024-04-20,7251.0,Boleto,Pago
305,27,2024-03-21,1461.85,Cartão,Atrasado
306,38,2025-08-28,5738.0,Boleto,Pago
307,246,2023-09-22,4317.0,PIX,Pago
308,156,2024-06-30,9524.0,Boleto,Pago
309,98,2024-02-27,2476.0,Cartão,Em aberto
310,246,2023-03-03,4317.0,Boleto,Pago
311,204,2024-11-07,4997.0,PIX,Pago
312,145,2024-08-29,5915.57,PIX,Atrasado
313,158,2025-03-12,1560.71,Transferência,Atrasado
314,239,2025-08-21,6518.0,Transferência,Pago
315,164,2023-09-05,7298.0,PIX,Pago
316,161,2024-12-03,4137.48,Boleto,Atrasado
317,75,2024-12-02,707.0,PIX,Pago
318,284,2025-07-27,4881.0,Transferência,Em aberto
319,152,2025-08-27,7742.0,Boleto,Pago
320,169,2025-04-19,5772.0,Transferência,Pago
321,292,2024-12-25,1361.0,Transferência,Pago
322,282,2025-08-12,7530.0,PIX,Em aberto
323,132,2024-09-27,7251.53,Transferência,Atrasado
324,236,2025-02-26,5083.0,PIX,Pago
325,87,2024-03-30,5026.0,Transferência,Pago
326,95,2024-10-07,6132.0,Cartão,Em aberto
327,269,2024-11-04,2057.0,Cartão,Pago
328,25,2024-01-29,6791.0,Transferência,Pago
329,71,2024-07-26,5441.0,Boleto,Em aberto
330,35,2024-12-05,9040.0,Boleto,Em aberto
331,5,2025-07-01,527.0,Transferência,Pago
332,192,2025-06-11,6767.0,Transferência,Pago
333,250,2024-10-25,4398.0,Cartão,Pago
334,273,2025-07-25,6605.0,Transferência,Em aberto
335,7,2025-07-06,5909.0,PIX,Pago
336,275,2025-02-06,1268.16,Transferência,Atrasado
337,92,2025-08-21,5320.0,Cartão,Pago
338,269,2025-03-25,2057.0,Boleto,Pago
339,99,2023-10-04,2458.0,PIX,Em aberto
340,182,2025-07-30,6947.88,Cartão,Atrasado
341,192,2025-06-18,4625.92,Boleto,Atrasado
342,116,2025-08-23,3246.87,Cartão,Atrasado
343,17,2023-10-26,4001.0,Transferência,Pago
344,195,2025-06-05,3376.82,Cartão,Atrasado
345,5,2025-01-07,527.0,Boleto,Em aberto
346,43,2025-03-23,6187.93,PIX,Atrasado
347,290,2024-02-04,6085.0,Cartão,Pago
348,118,2025-08-06,5503.0,Transferência,Pago
349,139,2025-02-14,3370.0,Cartão,Pago
350,144,2024-12-24,3134.0,Cartão,Em aberto
351,92,2025-07-26,2693.32,Boleto,Atrasado
352,74,2024-06-23,1629.0,Transferência,Em aberto
353,40,2025-01-13,1696.64,Boleto,Atrasado
354,291,2025-01-15,4481.51,PIX,Atrasado
355,197,2022-12-30,3088.0,Boleto,Em aberto
356,41,2024-05-18,7297.0,PIX,Em aberto
357,28,2024-10-05,8986.0,Transferência,Pago
358,119,2024-01-16,2125.0,PIX,Pago
359,204,2024-12-12,2557.72,PIX,Atrasado
360,231,2023-03-03,5502.81,Transferência,Atrasado
361,222,2024-06-08,2524.0,Transferência,Pago
362,44,2023-04-22,820.0,PIX,Em aberto
363,127,2025-07-09,3741.0,Cartão,Em aberto
364,43,2025-07-02,4146.95,Boleto,Atrasado
365,200,2024-10-17,3510.68,Cartão,Atrasado
366,3,2025-04-24,1622.88,PIX,Atrasado
367,53,2025-07-16,944.0,Cartão,Pago
368,96,2025-06-24,4022.18,Transferência,Atrasado
369,53,2025-07-24,944.0,Cartão,Pago
370,182,2025-02-08,8494.0,Cartão,Em aberto
371,167,2023-08-14,4259.14,Transferência,Atrasado
372,199,2025-03-17,7451.0,Boleto,Pago
373,293,2025-08-22,1315.0,Boleto,Em aberto
374,195,2025-05-11,4683.0,Boleto,Pago
375,138,2023-03-19,2985.19,Boleto,Atrasado
376,33,2024-08-30,3107.0,Transferência,Pago
377,142,2025-08-27,5083.19,Cartão,Atrasado
378,185,2025-02-16,6679.21,Transferência,Atrasado
379,101,2024-10-06,4577.34,PIX,Atrasado
380,4,2025-03-27,2957.48,Transferência,Atrasado
381,169,2024-11-02,3658.84,Boleto,Atrasado
382,154,2024-06-20,6257.18,Boleto,Atrasado
383,246,2024-01-31,2465.24,Transferência,Atrasado
384,164,2023-04-10,5794.25,Transferência,Atrasado
385,295,2025-06-09,7742.0,PIX,Pago
386,193,2023-09-12,7152.55,Transferência,Atrasado
387,187,2025-07-26,5406.0,Boleto,Pago
388,280,2025-07-28,2273.0,Cartão,Pago
389,237,2024-06-04,4059.0,Boleto,Em aberto
390,225,2024-09-02,6846.58,Cartão,Atrasado
391,210,2024-12-16,1145.0,Transferência,Em aberto
392,72,2024-03-04,2483.0,PIX,Em aberto
393,124,2025-02-28,3985.29,Transferência,Atrasado
394,194,2023-11-18,8055.0,Transferência,Pago
395,246,2025-04-04,4317.0,Transferência,Em aberto
396,274,2025-04-17,9701.0,Transferência,Em aberto
397,279,2024-07-18,3035.0,PIX,Pago
398,275,2025-06-07,2502.0,Cartão,Em aberto
399,56,2023-04-09,7949.0,PIX,Pago
400,86,2025-07-28,6313.0,Cartão,Em aberto
401,289,2025-05-18,4024.0,Transferência,Em aberto
402,170,2024-01-07,5352.18,Cartão,Atrasado
403,133,2025-05-12,7094.0,Boleto,Pago
404,229,2023-08-14,1831.51,Boleto,Atrasado
405,177,2025-03-17,7217.0,Transferência,Pago
406,54,2024-12-17,1814.58,Cartão,Atrasado
407,60,2025-04-16,6233.0,Boleto,Em aberto
408,179,2025-08-14,4468.23,Boleto,Atrasado
409,267,2025-08-08,5049.35,Cartão,Atrasado
410,225,2025-03-01,8224.0,Transferência,Em aberto
411,164,2025-05-09,7298.0,PIX,Pago
412,23,2025-08-11,1693.0,Cartão,Em aberto
413,12,2025-07-16,5094.91,Boleto,Atrasado
414,125,2023-06-13,7938.0,Boleto,Em aberto
415,283,2025-03-19,9621.0,PIX,Pago
416,287,2025-02-23,6242.0,Boleto,Atrasado
417,208,2024-11-15,4606.0,Boleto,Em aberto
418,96,2025-02-06,5919.0,Transferência,Em aberto
419,203,2025-08-28,5337.0,Boleto,Pago
420,231,2025-04-30,9307.0,Transferência,Em aberto
421,200,2024-12-22,5449.0,Boleto,Pago
422,106,2025-08-04,1115.7,Cartão,Atrasado
423,296,2024-12-06,8894.0,Boleto,Pago
424,188,2025-05-18,821.36,Cartão,Atrasado
425,135,2025-01-02,1153.0,Transferência,Em aberto
426,271,2025-01-28,8270.0,PIX,Em aberto
427,199,2025-04-08,7451.0,Transferência,Em aberto
428,59,2025-02-05,523.53,Transferência,Atrasado
429,89,2025-03-28,7158.0,PIX,Em aberto
430,44,2023-06-21,820.0,Boleto,Em aberto
431,161,2025-05-02,7983.0,Boleto,Pago
432,157,2024-08-08,2027.0,Boleto,Pago
433,192,2025-06-02,6767.0,Boleto,Em aberto
434,262,2025-07-19,1051.66,Boleto,Atrasado
435,295,2025-01-16,5181.07,Transferência,Atrasado
436,276,2025-07-16,7429.0,Boleto,Em aberto
437,285,2024-10-31,5562.0,Transferência,Pago
438,148,2024-10-12,2399.0,Boleto,Pago
439,162,2025-06-18,2708.4,PIX,Atrasado
440,5,2025-01-16,292.28,Transferência,Atrasado
441,288,2024-01-01,1002.0,Transferência,Em aberto
442,210,2025-06-17,1145.0,Transferência,Em aberto
443,213,2025-05-13,7307.0,Transferência,Em aberto
444,251,2025-07-23,3354.0,Cartão,Pago
445,290,2023-03-24,6085.0,Boleto,Pago
446,150,2025-05-08,7270.0,PIX,Pago
447,116,2025-08-23,4197.0,PIX,Em aberto
448,87,2023-09-12,3650.18,Transferência,Atrasado
449,282,2025-08-02,7530.0,Cartão,Em aberto
450,294,2024-08-29,7759.0,PIX,Pago
451,279,2025-08-02,2175.54,Cartão,Atrasado
452,226,2025-03-03,9698.0,Boleto,Em aberto
453,218,2025-05-12,1733.0,Boleto,Pago
454,153,2024-07-26,9498.0,Transferência,Pago
455,135,2025-02-26,974.15,Cartão,Atrasado
456,225,2024-10-03,8224.0,Boleto,Pago
457,108,2023-11-09,2180.0,PIX,Em aberto
458,220,2024-12-25,7011.0,Boleto,Pago
459,106,2024-12-15,1393.0,Cartão,Pago
460,292,2024-10-10,970.27,Boleto,Atrasado
461,166,2025-06-11,8522.0,PIX,Em aberto
462,149,2024-01-15,518.0,PIX,Em aberto
463,264,2024-09-07,9192.0,Cartão,Em aberto
464,70,2025-01-19,3884.7,PIX,Atrasado
465,65,2024-03-24,4698.0,Boleto,Em aberto
466,128,2025-08-20,4183.0,PIX,Pago
467,127,2025-02-01,3741.0,Transferência,Em aberto
468,251,2025-07-19,3354.0,PIX,Pago
469,213,2025-07-08,4974.58,Cartão,Atrasado
470,207,2024-11-17,6272.0,PIX,Em aberto
471,189,2025-07-20,6650.05,PIX,Atrasado
472,298,2024-09-24,8472.0,Cartão,Pago
473,235,2025-07-28,8517.0,PIX,Em aberto
474,33,2025-05-31,3107.0,Transferência,Em aberto
475,112,2024-07-17,7100.96,Transferência,Atrasado
476,138,2025-08-28,4086.02,PIX,Atrasado
477,281,2022-11-05,2382.0,Boleto,Em aberto
478,290,2024-07-10,4961.23,Cartão,Atrasado
479,24,2025-02-17,9931.0,Transferência,Pago
480,9,2024-06-03,5567.0,Boleto,Pago
481,226,2024-06-03,4851.62,Transferência,Atrasado
482,104,2024-03-30,3439.0,Boleto,Em aberto
483,155,2024-08-16,4420.0,PIX,Pago
484,48,2025-04-16,4095.0,PIX,Em aberto
485,129,2025-05-26,4852.0,PIX,Pago
486,85,2024-07-22,5825.0,Transferência,Pago
487,157,2024-02-09,2027.0,Boleto,Em aberto
488,220,2024-05-16,7011.0,Cartão,Em aberto
489,49,2025-04-30,975.0,Boleto,Pago
490,245,2025-08-11,9580.0,Boleto,Pago
491,116,2025-08-11,4197.0,Transferência,Em aberto
492,5,2025-04-03,527.0,PIX,Pago
493,62,2023-06-18,647.75,Transferência,Atrasado
494,37,2024-09-08,5181.0,Transferência,Pago
495,46,2024-12-19,6889.0,Cartão,Em aberto
496,53,2025-07-18,610.79,PIX,Atrasado
497,71,2024-04-22,4403.86,Boleto,Atrasado
498,74,2023-09-29,1629.0,Cartão,Pago
499,85,2024-05-22,3730.77,Boleto,Atrasado
500,78,2025-03-24,2526.67,Transferência,Atrasado
501,112,2025-02-10,8556.0,Cartão,Pago
502,72,2024-04-03,2483.0,Transferência,Pago
503,180,2024-05-05,3681.59,Boleto,Atrasado
504,127,2025-06-14,2835.11,Boleto,Atrasado
505,284,2025-07-22,4881.0,PIX,Em aberto
506,14,2024-03-26,7153.0,PIX,Em aberto
507,106,2025-05-19,1393.0,Boleto,Em aberto
508,201,2025-01-28,6383.27,Boleto,Atrasado
509,254,2024-02-14,3505.52,Transferência,Atrasado
510,37,2025-03-12,5181.0,Cartão,Em aberto
511,185,2024-12-11,4206.76,Transferência,Atrasado
512,188,2025-08-10,1419.0,Boleto,Em aberto
513,242,2025-07-17,3975.0,Cartão,Pago
514,35,2024-02-16,9040.0,PIX,Pago
515,111,2024-05-29,8327.0,Cartão,Pago
516,204,2024-10-22,4997.0,PIX,Em aberto
517,257,2025-08-24,3642.37,Transferência,Atrasado
518,43,2025-07-01,7383.0,Boleto,Em aberto
519,143,2024-05-06,5760.0,PIX,Pago
520,41,2025-02-11,7297.0,Boleto,Em aberto
521,80,2025-07-14,8421.0,PIX,Em aberto
522,201,2025-01-10,8416.0,Cartão,Em aberto
523,159,2024-08-25,5281.0,Transferência,Em aberto
524,123,2024-05-16,8199.0,Boleto,Pago
525,45,2025-01-24,325.65,Cartão,Atrasado
526,159,2025-05-22,5281.0,Boleto,Em aberto
527,62,2024-09-30,833.0,Boleto,Pago
528,6,2025-04-22,3728.0,Transferência,Pago
529,178,2025-01-18,8192.0,PIX,Em aberto
530,86,2025-05-10,3477.03,PIX,Atrasado
531,61,2024-05-16,1159.0,PIX,Pago
532,220,2025-07-04,4974.6,PIX,Atrasado
533,296,2025-07-28,8894.0,Cartão,Em aberto
534,255,2024-01-03,5567.59,Cartão,Atrasado
535,256,2024-11-04,1210.0,Boleto,Em aberto
536,189,2024-01-27,7556.0,PIX,Pago
537,53,2025-08-28,944.0,Cartão,Em aberto
538,117,2023-10-07,7753.0,Cartão,Em aberto
539,23,2024-12-05,1693.0,Boleto,Pago
540,24,2025-08-17,6411.36,Boleto,Atrasado
541,92,2025-04-29,5320.0,Transferência,Pago
542,115,2023-08-24,1462.3,PIX,Atrasado
543,139,2025-06-11,3370.0,PIX,Pago
544,62,2025-05-18,833.0,Cartão,Em aberto
545,92,2025-03-21,5320.0,Cartão,Pago
546,206,2025-08-10,5189.0,Transferência,Pago
547,145,2025-06-26,5436.64,Transferência,Atrasado
548,5,2023-04-05,305.8,PIX,Atrasado
549,125,2024-08-27,5138.34,Transferência,Atrasado
550,101,2025-02-28,8433.0,Boleto,Em aberto
551,78,2025-05-01,3385.0,Transferência,Pago
552,13,2024-04-23,3351.0,PIX,Pago
553,5,2023-10-23,263.81,Transferência,Atrasado
554,158,2025-05-08,2424.0,Boleto,Pago
555,272,2022-12-09,1898.0,Transferência,Pago
556,252,2024-07-03,7397.0,Boleto,Pago
557,144,2024-10-01,3134.0,Cartão,Pago
558,119,2024-07-02,2125.0,Transferência,Em aberto
559,191,2025-07-04,3069.89,Cartão,Atrasado
560,298,2025-02-04,8472.0,Boleto,Pago
561,202,2024-02-18,9870.0,Cartão,Pago
562,223,2023-07-19,4795.0,Boleto,Em aberto
563,122,2023-08-20,1851.87,PIX,Atrasado
564,202,2024-09-26,9870.0,PIX,Em aberto
565,163,2025-08-14,1665.63,Cartão,Atrasado
566,104,2024-02-22,3439.0,Cartão,Pago
567,80,2024-07-04,8421.0,Boleto,Pago
568,231,2024-03-09,5822.58,Cartão,Atrasado
569,275,2025-05-05,2216.41,Boleto,Atrasado
570,232,2025-05-23,4508.16,Cartão,Atrasado
571,47,2024-09-20,9447.0,PIX,Pago
572,21,2024-10-24,5585.0,PIX,Pago
573,76,2024-05-27,7602.0,Boleto,Pago
574,183,2025-08-19,1143.43,PIX,Atrasado
575,134,2024-04-20,8590.0,Cartão,Pago
576,208,2024-06-14,3327.29,Boleto,Atrasado
577,49,2024-01-29,527.24,Boleto,Atrasado
578,63,2025-07-31,2568.0,Cartão,Pago
579,114,2023-06-23,9721.0,Boleto,Pago
580,206,2025-08-18,4018.95,Cartão,Atrasado
581,299,2023-09-16,1244.0,PIX,Em aberto
582,39,2025-08-02,2971.0,Cartão,Pago
583,102,2025-06-07,9095.0,Transferência,Em aberto
584,66,2023-01-17,2376.0,PIX,Pago
585,63,2025-08-18,2568.0,Transferência,Pago
586,26,2023-08-02,2917.0,Transferência,Pago
587,203,2025-06-04,2731.44,Transferência,Atrasado
588,89,2025-04-30,4193.78,Boleto,Atrasado
589,141,2025-05-20,5183.69,Boleto,Atrasado
590,18,2024-12-25,3280.0,Boleto,Em aberto
591,152,2025-08-16,5146.86,Transferência,Atrasado
592,32,2022-12-04,8770.0,PIX,Pago
593,197,2025-01-07,3088.0,Transferência,Pago
594,103,2023-06-15,3680.0,Boleto,Em aberto
595,279,2024-12-19,3035.0,Transferência,Pago
596,184,2024-09-15,3738.34,Transferência,Atrasado
597,177,2025-08-28,7217.0,PIX,Em aberto
598,199,2023-11-06,4261.42,PIX,Atrasado
599,113,2024-12-26,1378.0,PIX,Pago
600,30,2024-10-15,5773.9,Boleto,Atrasado
601,82,2024-06-27,1919.0,Boleto,Pago
602,124,2024-11-08,3724.34,Cartão,Atrasado
603,113,2025-05-06,1378.0,Transferência,Em aberto
604,182,2025-01-11,8494.0,Boleto,Pago
605,122,2023-12-10,3064.0,PIX,Em aberto
606,184,2024-11-19,5208.0,Cartão,Em aberto
607,181,2024-07-26,5688.0,Boleto,Em aberto
608,289,2025-04-19,4024.0,Transferência,Pago
609,278,2025-07-22,1252.78,Cartão,Atrasado
610,47,2023-08-22,9447.0,Boleto,Pago
611,113,2025-05-12,1378.0,Transferência,Pago
612,1,2024-01-27,1973.65,Boleto,Atrasado
613,67,2025-01-24,7852.8,PIX,Atrasado
614,31,2023-06-11,5698.0,Boleto,Pago
615,73,2025-07-31,9228.0,PIX,Pago
616,38,2024-04-30,4486.06,Transferência,Atrasado
617,52,2024-10-19,584.08,Boleto,Atrasado
618,81,2024-05-17,4897.0,Transferência,Em aberto
619,250,2024-12-29,4398.0,PIX,Em aberto
620,90,2025-02-10,4437.0,PIX,Em aberto
621,115,2024-07-30,2440.0,Boleto,Em aberto
622,194,2025-03-01,6392.43,PIX,Atrasado
623,66,2025-07-31,2376.0,Cartão,Pago
624,294,2025-04-06,6519.91,Cartão,Atrasado
625,94,2025-08-20,6546.0,PIX,Em aberto
626,114,2024-03-08,9721.0,Cartão,Em aberto
627,255,2023-08-17,7905.0,PIX,Pago
628,40,2024-01-05,3003.0,PIX,Pago
629,164,2025-06-07,7298.0,Cartão,Pago
630,172,2025-01-18,4162.1,Boleto,Atrasado
631,128,2025-04-17,4183.0,Cartão,Em aberto
632,180,2024-06-28,4793.52,Cartão,Atrasado
633,25,2023-08-07,4585.88,Transferência,Atrasado
634,86,2024-05-16,4401.63,Transferência,Atrasado
635,180,2025-06-17,5883.0,Transferência,Em aberto
636,52,2024-08-16,767.38,Boleto,Atrasado
637,84,2023-12-31,3552.31,Cartão,Atrasado
638,151,2024-08-24,6427.0,PIX,Pago
639,134,2024-06-25,8590.0,Cartão,Pago
640,176,2025-01-30,7986.0,Transferência,Pago
641,83,2024-09-08,8113.0,Cartão,Em aberto
642,281,2024-03-31,2382.0,PIX,Pago
643,248,2025-03-22,9350.0,Cartão,Em aberto
644,221,2024-11-16,6964.0,Boleto,Em aberto
645,223,2025-03-03,4795.0,Cartão,Pago
646,52,2024-11-21,547.87,Boleto,Atrasado
647,210,2025-02-25,1145.0,PIX,Em aberto
648,145,2025-06-30,5127.28,Cartão,Atrasado
649,202,2024-05-18,9870.0,Transferência,Em aberto
650,79,2025-04-02,4925.0,PIX,Pago
651,2,2024-05-16,3017.15,Transferência,Atrasado
652,103,2023-08-04,3680.0,Cartão,Pago
653,106,2024-05-16,1393.0,PIX,Pago
654,42,2023-12-06,6811.45,PIX,Atrasado
655,204,2024-12-28,3476.11,PIX,Atrasado
656,47,2023-07-24,9447.0,Transferência,Em aberto
657,95,2025-06-02,5237.94,PIX,Atrasado
658,96,2024-08-18,3065.14,Transferência,Atrasado
659,239,2025-07-20,3848.86,PIX,Atrasado
660,289,2025-07-19,4024.0,Boleto,Pago
661,50,2024-11-26,7124.0,PIX,Pago
662,278,2024-12-11,1951.56,Boleto,Atrasado
663,284,2025-08-06,4881.0,Transferência,Pago
664,268,2025-06-06,7027.97,Transferência,Atrasado
665,294,2024-11-29,7759.0,Transferência,Pago
666,154,2023-07-13,8441.0,Transferência,Pago
667,18,2025-07-31,3280.0,Boleto,Em aberto
668,62,2024-12-09,474.1,Boleto,Atrasado
669,109,2025-06-08,8190.0,Boleto,Pago
670,22,2025-01-04,478.21,Transferência,Atrasado
671,104,2024-04-26,3439.0,Boleto,Em aberto
672,133,2025-03-19,6131.5,Cartão,Atrasado
673,45,2025-07-22,430.64,PIX,Atrasado
674,142,2025-08-14,8200.0,Transferência,Em aberto
675,7,2025-06-27,5909.0,Transferência,Em aberto
676,58,2025-01-18,4146.3,Cartão,Atrasado
677,55,2024-03-28,4762.0,Cartão,Em aberto
678,147,2025-04-10,1942.0,PIX,Em aberto
679,211,2025-01-24,6528.91,Transferência,Atrasado
680,293,2024-05-30,1315.0,Transferência,Em aberto
681,20,2025-08-10,5991.0,PIX,Pago
682,207,2025-02-02,6272.0,Transferência,Pago
683,20,2024-11-11,5127.28,PIX,Atrasado
684,122,2025-03-27,3064.0,Transferência,Pago
685,138,2022-10-01,2497.28,PIX,Atrasado
686,160,2024-11-24,6116.97,Cartão,Atrasado
687,117,2025-06-23,7753.0,PIX,Pago
688,227,2025-05-08,932.92,Transferência,Atrasado
689,46,2025-06-01,6889.0,Transferência,Pago
690,109,2024-05-03,6522.34,PIX,Atrasado
691,29,2025-05-22,4582.0,Boleto,Em aberto
692,34,2024-09-13,3720.05,Transferência,Atrasado
693,70,2024-10-24,4478.0,Cartão,Em aberto
694,89,2024-09-09,7158.0,Boleto,Pago
695,30,2025-08-28,8112.0,Cartão,Pago
696,234,2024-02-08,3031.0,PIX,Pago
697,102,2025-02-17,5887.56,Transferência,Atrasado
698,259,2024-08-05,5339.48,Cartão,Atrasado
699,16,2024-08-15,5779.0,PIX,Pago
700,251,2025-08-19,3354.0,Transferência,Em aberto
701,91,2025-07-12,6275.52,PIX,Atrasado
702,177,2025-05-25,7217.0,PIX,Pago
703,47,2025-07-13,4827.23,Cartão,Atrasado
704,84,2024-10-03,6709.0,Boleto,Em aberto
705,114,2025-08-14,9721.0,Boleto,Em aberto
706,106,2024-11-28,1059.56,Cartão,Atrasado
707,5,2024-08-18,455.65,Boleto,Atrasado
708,5,2023-10-14,527.0,PIX,Pago
709,157,2025-08-20,2027.0,PIX,Em aberto
710,217,2025-01-06,5085.0,Transferência,Atrasado
711,130,2025-07-31,3218.0,Transferência,Pago
712,155,2025-05-31,4420.0,Transferência,Em aberto
713,300,2023-11-23,1397.0,Cartão,Pago
714,262,2024-06-11,1576.0,PIX,Em aberto
715,288,2024-04-09,1002.0,PIX,Em aberto
716,153,2025-01-09,9498.0,Cartão,Em aberto
717,247,2024-11-23,546.0,PIX,Pago
718,142,2025-07-24,8200.0,PIX,Em aberto
719,142,2025-08-24,6252.07,PIX,Atrasado
720,97,2025-05-17,4938.0,Boleto,Pago
721,30,2025-01-06,8112.0,Transferência,Em aberto
722,164,2023-07-14,7298.0,Boleto,Em aberto
723,14,2025-04-10,7153.0,Transferência,Em aberto
724,152,2025-07-28,6679.52,Transferência,Atrasado
725,199,2025-01-28,7451.0,Cartão,Em aberto
726,299,2025-04-10,1244.0,Boleto,Em aberto
727,176,2025-04-24,7986.0,Boleto,Em aberto
728,274,2025-08-29,9701.0,Transferência,Em aberto
729,184,2024-11-15,5208.0,PIX,Em aberto
730,88,2024-12-25,3630.0,Boleto,Em aberto
731,151,2024-03-08,6427.0,Transferência,Pago
732,66,2025-07-19,2376.0,PIX,Em aberto
733,287,2025-07-30,7066.0,PIX,Pago
734,46,2025-02-12,6889.0,PIX,Pago
735,115,2025-06-22,2440.0,PIX,Em aberto
736,216,2023-04-06,5444.96,PIX,Atrasado
737,238,2025-08-07,4368.0,Transferência,Pago
738,28,2025-05-27,8986.0,Cartão,Em aberto
739,242,2025-01-10,3975.0,Cartão,Pago
740,196,2025-04-22,8122.0,PIX,Em aberto
741,212,2025-01-23,1976.0,Boleto,Pago
742,71,2025-03-15,5441.0,PIX,Pago
743,210,2025-06-29,1145.0,Transferência,Em aberto
744,74,2025-06-26,1376.44,Boleto,Atrasado
745,42,2024-08-27,5148.61,Boleto,Atrasado
746,161,2024-11-26,7983.0,Cartão,Em aberto
747,3,2023-12-23,1458.93,Boleto,Atrasado
748,296,2025-08-09,8894.0,Transferência,Pago
749,46,2025-01-31,6889.0,Transferência,Pago
750,220,2024-03-20,4708.66,Transferência,Atrasado
751,197,2024-12-22,3088.0,Cartão,Pago
752,274,2025-05-24,9701.0,PIX,Pago
753,8,2025-01-19,2039.76,Boleto,Atrasado
754,10,2025-03-12,7092.0,Cartão,Em aberto
755,128,2025-07-03,4183.0,PIX,Pago
756,160,2025-02-14,7307.0,Cartão,Pago
757,197,2022-11-26,3088.0,PIX,Em aberto
758,86,2025-03-08,6313.0,Cartão,Pago
759,153,2024-12-09,6481.16,PIX,Atrasado
760,223,2023-10-07,4795.0,Boleto,Em aberto
761,176,2025-02-19,5140.59,Boleto,Atrasado
762,85,2023-06-22,2957.06,Boleto,Atrasado
763,68,2025-08-11,6649.0,Cartão,Pago
764,259,2023-05-13,7080.0,Cartão,Pago
765,188,2025-05-18,1419.0,Cartão,Em aberto
766,193,2024-01-12,8653.0,PIX,Em aberto
767,274,2024-08-17,9701.0,Cartão,Em aberto
768,25,2024-04-28,6791.0,Cartão,Em aberto
769,11,2024-05-17,2585.0,Cartão,Pago
770,214,2024-01-28,6088.67,PIX,Atrasado
771,243,2024-03-21,849.0,Boleto,Em aberto
772,106,2025-05-09,1393.0,Cartão,Em aberto
773,155,2024-05-26,3379.82,PIX,Atrasado
774,71,2024-05-28,4528.33,Cartão,Atrasado
775,262,2025-07-11,1576.0,Cartão,Em aberto
776,145,2024-09-15,8617.0,Cartão,Pago
777,255,2025-08-16,7905.0,Boleto,Pago
778,135,2024-09-19,1153.0,Boleto,Em aberto
779,184,2024-08-20,5208.0,Transferência,Em aberto
780,152,2025-08-20,7742.0,Cartão,Pago
781,281,2024-12-25,2058.39,Transferência,Atrasado
782,170,2024-04-26,9868.0,Cartão,Pago
783,7,2025-01-24,5909.0,Cartão,Em aberto
784,57,2023-07-03,6711.0,Transferência,Em aberto
785,77,2025-08-15,8032.0,Cartão,Pago
786,52,2025-07-23,713.03,Transferência,Atrasado
787,152,2025-08-06,5308.77,Cartão,Atrasado
788,90,2025-04-16,4437.0,PIX,Pago
789,185,2025-05-21,7610.0,PIX,Em aberto
790,219,2024-03-17,4196.0,Cartão,Em aberto
791,49,2025-03-27,975.0,Cartão,Pago
792,71,2024-07-15,5441.0,Boleto,Em aberto
793,169,2025-04-23,4951.29,PIX,Atrasado
794,48,2024-09-30,3382.41,Boleto,Atrasado
795,59,2024-10-18,539.3,Transferência,Atrasado
796,140,2023-09-22,6009.82,Transferência,Atrasado
797,216,2025-03-20,8394.0,Boleto,Em aberto
798,58,2024-07-09,7406.0,Cartão,Pago
799,82,2023-11-19,1919.0,Transferência,Pago
800,248,2024-12-04,9350.0,Transferência,Em aberto
801,93,2025-03-09,4486.0,Transferência,Em aberto
802,184,2025-07-18,5208.0,Cartão,Em aberto
803,67,2024-04-29,8665.1,Cartão,Atrasado
804,211,2025-08-05,5181.3,PIX,Atrasado
805,161,2024-09-24,7983.0,Boleto,Pago
806,174,2024-08-28,8729.0,Cartão,Em aberto
807,222,2024-04-21,2524.0,Boleto,Em aberto
808,247,2025-05-11,417.95,Transferência,Atrasado
809,77,2025-08-21,8032.0,Cartão,Em aberto
810,6,2025-04-12,3728.0,Boleto,Em aberto
811,259,2024-03-20,5952.5,Boleto,Atrasado
812,39,2024-05-12,1866.54,PIX,Atrasado
813,143,2024-08-09,5760.0,Boleto,Pago
814,282,2025-07-01,7530.0,Transferência,Em aberto
815,207,2025-05-05,6272.0,Cartão,Pago
816,236,2025-05-24,4170.62,Transferência,Atrasado
817,46,2024-05-15,4676.44,Cartão,Atrasado
818,255,2025-03-28,7905.0,Cartão,Em aberto
819,53,2025-07-09,627.7,Cartão,Atrasado
820,47,2024-07-11,9447.0,PIX,Em aberto
821,261,2024-01-24,1823.0,Boleto,Em aberto
822,234,2024-06-30,1956.02,Cartão,Atrasado
823,115,2023-03-27,1544.01,Transferência,Atrasado
824,187,2025-08-21,5406.0,Transferência,Em aberto
825,59,2025-04-15,817.0,Boleto,Pago
826,2,2025-01-01,3620.55,PIX,Atrasado
827,281,2023-10-17,2382.0,PIX,Em aberto
828,55,2024-02-12,4762.0,Boleto,Pago
829,253,2025-04-28,1541.0,Transferência,Pago
830,55,2025-04-05,3544.55,Boleto,Atrasado
831,62,2024-12-11,488.33,Boleto,Atrasado
832,174,2024-08-13,8729.0,Transferência,Pago
833,24,2024-11-30,9931.0,Cartão,Em aberto
834,231,2025-05-03,7104.8,Boleto,Atrasado
835,256,2022-11-19,1210.0,Cartão,Pago
836,284,2025-08-09,4078.2,Transferência,Atrasado
837,261,2023-11-02,1823.0,Boleto,Pago
838,66,2023-06-06,2376.0,Transferência,Pago
839,165,2023-12-19,542.0,Transferência,Em aberto
840,215,2023-03-11,4965.0,Boleto,Em aberto
841,141,2025-05-04,6765.63,PIX,Atrasado
842,232,2025-03-15,6578.0,Boleto,Pago
843,212,2025-08-15,1976.0,PIX,Em aberto
844,281,2024-09-08,1869.27,Boleto,Atrasado
845,103,2024-04-24,3680.0,PIX,Pago
846,177,2025-07-15,7217.0,Boleto,Em aberto
847,92,2025-04-25,5320.0,PIX,Em aberto
848,60,2025-04-08,4518.38,Transferência,Atrasado
849,274,2025-03-06,8255.46,Transferência,Atrasado
850,7,2025-05-17,5909.0,Cartão,Em aberto
851,13,2024-04-06,1870.3,Cartão,Atrasado
852,103,2024-03-12,2944.27,Boleto,Atrasado
853,147,2023-07-14,1942.0,PIX,Em aberto
854,75,2024-10-04,707.0,PIX,Pago
855,105,2025-04-12,9251.0,Cartão,Em aberto
856,184,2025-05-09,2817.49,Boleto,Atrasado
857,288,2024-05-08,596.23,PIX,Atrasado
858,25,2023-06-21,4448.25,PIX,Atrasado
859,283,2025-05-01,9621.0,Cartão,Pago
860,129,2024-07-05,4852.0,Transferência,Pago
861,116,2025-08-29,4197.0,PIX,Em aberto
862,280,2025-04-24,2273.0,Boleto,Em aberto
863,100,2023-09-11,2400.77,Cartão,Atrasado
864,96,2025-08-14,5919.0,Cartão,Pago
865,194,2023-08-16,8055.0,Transferência,Pago
866,143,2024-10-26,5760.0,PIX,Em aberto
867,67,2024-09-28,9981.0,PIX,Pago
868,3,2024-05-08,1643.56,Boleto,Atrasado
869,21,2024-04-29,5585.0,PIX,Pago
870,27,2024-05-07,2246.0,PIX,Em aberto
871,252,2024-09-29,7397.0,PIX,Em aberto
872,38,2025-03-27,5738.0,PIX,Em aberto
873,270,2025-01-02,4676.0,Boleto,Pago
874,267,2025-05-24,7898.0,Boleto,Pago
875,213,2025-07-17,7307.0,Transferência,Em aberto
876,48,2025-04-11,2409.82,Boleto,Atrasado
877,170,2023-01-05,6358.14,Boleto,Atrasado
878,272,2025-04-24,1705.64,Cartão,Atrasado
879,59,2025-08-29,817.0,PIX,Em aberto
880,229,2023-08-04,2790.0,Boleto,Pago
881,21,2024-11-29,5585.0,PIX,Em aberto
882,196,2024-12-31,8122.0,Transferência,Pago
883,132,2025-02-07,8179.0,PIX,Em aberto
884,13,2024-09-27,3351.0,PIX,Em aberto
885,264,2023-07-02,9192.0,Transferência,Em aberto
886,250,2024-10-12,4398.0,PIX,Pago
887,99,2023-07-22,1734.26,Cartão,Atrasado
888,86,2024-06-16,6313.0,Cartão,Em aberto
889,34,2025-03-28,4746.0,Boleto,Pago
890,218,2024-03-30,1733.0,Boleto,Pago
891,276,2025-07-22,7429.0,Transferência,Em aberto
892,37,2024-01-22,5181.0,Boleto,Em aberto
893,13,2024-12-02,2636.39,Cartão,Atrasado
894,45,2024-03-11,596.0,Cartão,Pago
895,92,2025-07-05,3847.6,Boleto,Atrasado
896,133,2025-08-23,4648.08,Transferência,Atrasado
897,222,2024-06-19,1279.05,Cartão,Atrasado
898,274,2025-04-05,9701.0,Cartão,Pago
899,300,2025-03-04,1397.0,Cartão,Pago
900,184,2024-11-17,5208.0,Cartão,Em aberto
901,149,2024-10-24,518.0,PIX,Em aberto
902,45,2024-08-31,480.44,Transferência,Atrasado
903,196,2025-01-01,6731.91,Cartão,Atrasado
904,243,2025-01-03,849.0,Boleto,Pago
905,70,2024-01-26,4478.0,Transferência,Em aberto
906,280,2025-08-29,2009.45,Boleto,Atrasado
907,153,2025-06-21,9498.0,PIX,Em aberto
908,6,2025-02-16,3728.0,Boleto,Em aberto
909,64,2024-12-22,9740.0,Cartão,Pago
910,294,2024-11-26,7759.0,Transferência,Em aberto
911,276,2025-06-17,7429.0,Cartão,Em aberto
912,157,2025-02-25,2027.0,PIX,Pago
913,109,2024-11-20,7061.84,Boleto,Atrasado
914,83,2025-07-30,8113.0,Boleto,Pago
915,130,2025-03-26,3218.0,Cartão,Pago
916,93,2025-07-05,4486.0,Cartão,Em aberto
917,282,2025-05-22,5706.76,Cartão,Atrasado
918,149,2024-09-08,518.0,Cartão,Em aberto
919,129,2024-08-07,4852.0,Boleto,Pago
920,298,2023-09-23,7460.58,PIX,Atrasado
921,66,2024-11-09,2376.0,Boleto,Em aberto
922,52,2024-04-11,703.69,Boleto,Atrasado
923,163,2025-06-19,1861.19,PIX,Atrasado
924,300,2024-03-13,1397.0,PIX,Pago
925,162,2025-08-22,2055.32,PIX,Atrasado
926,127,2025-08-06,3741.0,Transferência,Pago
927,142,2025-07-17,4540.52,PIX,Atrasado
928,246,2024-10-09,2927.54,PIX,Atrasado
929,250,2024-06-20,4398.0,Cartão,Em aberto
930,90,2025-01-10,4437.0,Cartão,Em aberto
931,144,2024-10-28,3134.0,Boleto,Pago
932,135,2024-05-10,1153.0,Cartão,Em aberto
933,39,2024-03-14,2971.0,Cartão,Pago
934,298,2025-07-04,8472.0,Transferência,Em aberto
935,109,2025-05-14,8190.0,PIX,Pago
936,279,2024-09-08,3035.0,Transferência,Em aberto
937,77,2025-08-27,5277.02,PIX,Atrasado
938,69,2025-03-23,1222.28,Cartão,Atrasado
939,204,2023-05-12,3502.23,Boleto,Atrasado
940,85,2025-04-26,5825.0,Boleto,Em aberto
941,229,2025-06-10,2790.0,Boleto,Pago
942,290,2024-02-13,6085.0,Boleto,Em aberto
943,248,2025-05-31,4826.17,Transferência,Atrasado
944,119,2025-06-17,2125.0,PIX,Pago
945,190,2023-12-15,7251.0,Cartão,Pago
946,106,2025-03-29,1393.0,PIX,Em aberto
947,199,2024-06-15,6461.21,Cartão,Atrasado
948,21,2024-10-22,5585.0,PIX,Em aberto
949,53,2025-07-13,944.0,PIX,Em aberto
950,135,2024-09-09,1153.0,Boleto,Em aberto
951,193,2024-02-26,8653.0,Transferência,Em aberto
952,188,2025-08-19,1419.0,Cartão,Em aberto
953,265,2025-05-25,4910.21,Boleto,Atrasado
954,265,2024-09-12,4839.47,PIX,Atrasado
955,250,2024-07-25,3759.71,Cartão,Atrasado
956,257,2025-08-28,5441.0,Transferência,Pago
957,85,2024-03-12,5825.0,Cartão,Pago
958,264,2024-07-12,9192.0,PIX,Em aberto
959,109,2024-05-30,8190.0,Boleto,Pago
960,81,2024-04-21,3627.74,Cartão,Atrasado
961,118,2025-05-29,4537.05,Cartão,Atrasado
962,247,2025-05-25,546.0,Transferência,Em aberto
963,246,2023-06-17,4317.0,Boleto,Pago
964,211,2024-12-19,9995.0,Boleto,Pago
965,23,2024-12-04,1693.0,Boleto,Pago
966,69,2025-01-24,1745.0,Cartão,Em aberto
967,294,2024-03-15,7759.0,Cartão,Pago
968,86,2025-08-20,5485.86,Transferência,Atrasado
969,289,2025-07-31,4024.0,Cartão,Em aberto
970,146,2025-02-22,7061.0,Boleto,Pago
971,230,2023-11-05,8571.0,Transferência,Em aberto
972,247,2025-06-06,546.0,Boleto,Pago
973,211,2024-10-27,9995.0,Boleto,Em aberto
974,299,2023-10-21,1244.0,PIX,Pago
975,86,2025-06-06,6313.0,PIX,Em aberto
976,233,2025-03-09,9350.0,Cartão,Em aberto
977,118,2025-08-23,3599.98,Cartão,Atrasado
978,9,2023-08-03,5567.0,Transferência,Pago
979,77,2025-08-25,8032.0,Cartão,Em aberto
980,91,2025-08-22,7350.75,Cartão,Atrasado
981,273,2025-07-28,6605.0,Cartão,Em aberto
982,48,2025-07-07,3127.59,Cartão,Atrasado
983,221,2025-04-13,6964.0,Transferência,Em aberto
984,190,2024-02-16,7251.0,Transferência,Pago
985,118,2025-07-25,4489.47,Transferência,Atrasado
986,180,2023-08-11,5883.0,Cartão,Em aberto
987,218,2024-06-02,1733.0,PIX,Pago
988,245,2025-08-04,9580.0,Cartão,Pago
989,146,2024-12-13,7061.0,Transferência,Em aberto
990,132,2023-11-11,8179.0,Cartão,Pago
991,4,2024-08-02,4673.0,Cartão,Em aberto
992,267,2025-06-16,7898.0,Transferência,Pago
993,106,2025-03-13,1393.0,PIX,Em aberto
994,210,2025-02-23,621.32,Transferência,Atrasado
995,300,2024-10-13,844.52,Transferência,Atrasado
996,290,2024-03-25,4531.82,Transferência,Atrasado
997,105,2025-06-18,6668.51,Transferência,Atrasado
998,92,2025-03-28,3849.75,Transferência,Atrasado
999,130,2025-03-25,2352.55,Transferência,Atrasado
1000,71,2024-07-31,5441.0,Cartão,Em aberto
1001,118,2025-08-19,4475.28,Boleto,Atrasado
1002,52,2024-04-15,941.0,Transferência,Pago
1003,174,2024-08-15,8729.0,Cartão,Em aberto
1004,83,2025-03-27,7186.72,Cartão,Atrasado
1005,47,2024-12-26,9447.0,Transferência,Pago
1006,223,2024-02-09,4795.0,Cartão,Pago
1007,135,2024-09-30,1153.0,PIX,Pago
1008,41,2023-05-05,7297.0,Cartão,Em aberto
1009,197,2023-12-14,2302.37,PIX,Atrasado
1010,30,2024-05-10,8112.0,Transferência,Pago
1011,225,2025-01-23,8224.0,Boleto,Pago
1012,266,2025-07-24,5509.11,Boleto,Atrasado
1013,87,2024-10-05,5026.0,Cartão,Em aberto
1014,185,2024-10-27,7610.0,Cartão,Pago
1015,81,2025-04-23,4897.0,PIX,Pago
1016,205,2025-04-04,1000.53,Transferência,Atrasado
1017,103,2025-05-30,3680.0,Cartão,Em aberto
1018,36,2025-08-09,4999.0,PIX,Pago
1019,287,2025-04-08,7066.0,PIX,Em aberto
1020,178,2024-05-20,4837.53,Boleto,Atrasado
1021,233,2024-07-11,6825.15,PIX,Atrasado
1022,90,2025-04-25,3116.97,Cartão,Atrasado
1023,258,2024-08-01,642.35,Cartão,Atrasado
1024,263,2024-04-03,8065.62,PIX,Atrasado
1025,227,2024-03-17,1113.29,Boleto,Atrasado
1026,174,2024-08-09,6744.36,Cartão,Atrasado
1027,247,2025-06-08,546.0,PIX,Pago
1028,35,2024-11-06,6811.32,Boleto,Atrasado
1029,118,2025-07-17,3659.33,PIX,Atrasado
1030,265,2025-07-14,7548.0,Cartão,Em aberto
1031,135,2025-06-29,1153.0,PIX,Pago
1032,48,2024-06-29,3151.02,PIX,Atrasado
1033,39,2024-03-22,2971.0,Boleto,Em aberto
1034,244,2025-07-30,1643.95,PIX,Atrasado
1035,94,2025-04-08,6546.0,Boleto,Em aberto
1036,256,2023-05-26,1210.0,Boleto,Em aberto
1037,121,2025-06-24,4429.0,Boleto,Em aberto
1038,136,2025-04-22,4602.0,Boleto,Pago
1039,104,2025-06-09,3439.0,PIX,Pago
1040,80,2023-04-26,8421.0,Cartão,Pago
1041,41,2024-09-27,7297.0,Transferência,Em aberto
1042,4,2024-12-10,4673.0,Cartão,Em aberto
1043,247,2024-10-28,408.55,Transferência,Atrasado
1044,295,2024-07-03,5390.93,PIX,Atrasado
1045,204,2023-02-14,4997.0,Boleto,Pago
1046,28,2025-05-09,8986.0,Transferência,Em aberto
1047,245,2025-04-22,9580.0,Cartão,Em aberto
1048,258,2024-10-11,664.06,Boleto,Atrasado
1049,235,2024-03-30,8517.0,Transferência,Pago
1050,162,2025-07-10,3622.0,Cartão,Em aberto
1051,7,2025-04-01,5909.0,Boleto,Em aberto
1052,195,2025-05-18,4683.0,Cartão,Em aberto
1053,167,2024-09-08,6285.01,PIX,Atrasado
1054,96,2025-03-10,5919.0,PIX,Em aberto
1055,122,2025-02-10,2109.68,PIX,Atrasado
1056,188,2025-06-05,1419.0,Transferência,Pago
1057,218,2024-04-25,1733.0,Transferência,Pago
1058,191,2025-08-19,2903.97,PIX,Atrasado
1059,231,2024-06-21,9307.0,Boleto,Pago
1060,295,2025-01-22,7742.0,Boleto,Em aberto
1061,52,2025-03-23,941.0,PIX,Em aberto
1062,121,2025-01-11,4429.0,Transferência,Em aberto
1063,196,2025-08-18,8122.0,Boleto,Pago
1064,77,2025-08-17,6604.45,Boleto,Atrasado
1065,216,2025-05-24,4648.5,PIX,Atrasado
1066,250,2024-07-13,2640.51,Cartão,Atrasado
1067,204,2023-03-06,4997.0,Boleto,Pago
1068,31,2024-10-08,5698.0,PIX,Pago
1069,244,2025-07-11,2563.0,Cartão,Em aberto
1070,231,2023-09-30,9307.0,PIX,Em aberto
1071,134,2025-03-01,5533.01,PIX,Atrasado
1072,177,2025-03-23,7217.0,Transferência,Pago
1073,63,2025-08-21,2174.96,Boleto,Atrasado
1074,296,2025-06-23,8894.0,Boleto,Em aberto
1075,146,2025-05-11,4448.69,Transferência,Atrasado
1076,229,2023-04-30,2790.0,Transferência,Pago
1077,147,2023-10-15,1461.71,Boleto,Atrasado
1078,86,2023-10-31,6313.0,PIX,Em aberto
1079,216,2022-12-20,8394.0,Transferência,Em aberto
1080,37,2024-11-24,5181.0,Boleto,Pago
1081,176,2025-08-21,7986.0,PIX,Pago
1082,163,2025-06-02,2736.0,PIX,Em aberto
1083,137,2024-07-14,9924.0,Transferência,Em aberto
1084,139,2025-06-29,2737.75,PIX,Atrasado
1085,267,2025-07-31,5256.87,Boleto,Atrasado
1086,12,2025-07-19,6711.0,Boleto,Pago
1087,129,2024-04-02,4852.0,Cartão,Em aberto
1088,108,2023-03-29,2180.0,Transferência,Pago
1089,53,2025-08-12,944.0,Cartão,Pago
1090,243,2024-12-21,849.0,Cartão,Em aberto
1091,14,2025-01-30,5075.72,Cartão,Atrasado
1092,54,2025-04-21,2034.74,Cartão,Atrasado
1093,200,2025-07-31,3224.4,PIX,Atrasado
1094,227,2024-08-14,1535.0,Boleto,Em aberto
1095,68,2025-08-27,6649.0,Boleto,Em aberto
1096,15,2025-06-02,5200.0,PIX,Pago
1097,167,2024-02-11,5793.81,PIX,Atrasado
1098,281,2022-11-23,1319.74,Boleto,Atrasado
1099,234,2023-10-25,3031.0,Transferência,Em aberto
1100,269,2025-05-21,2057.0,PIX,Em aberto
1101,178,2024-04-20,5864.38,Cartão,Atrasado
1102,227,2024-08-07,992.09,PIX,Atrasado
1103,80,2024-06-16,4246.06,Boleto,Atrasado
1104,177,2025-07-28,4962.98,Cartão,Atrasado
1105,252,2025-06-15,4584.99,Transferência,Atrasado
1106,150,2025-07-01,7270.0,Boleto,Em aberto
1107,4,2025-05-21,4673.0,PIX,Em aberto
1108,97,2023-10-19,4211.45,Transferência,Atrasado
1109,203,2025-06-11,5337.0,Boleto,Pago
1110,200,2025-06-02,3205.3,Cartão,Atrasado
1111,217,2025-06-21,6049.0,Boleto,Em aberto
1112,265,2024-12-05,7548.0,PIX,Em aberto
1113,146,2025-03-13,7061.0,PIX,Em aberto
1114,212,2024-09-18,1976.0,Cartão,Pago
1115,94,2025-07-01,6546.0,PIX,Pago
1116,57,2025-04-05,6711.0,Transferência,Em aberto
1117,232,2025-07-23,5132.08,Transferência,Atrasado
1118,97,2023-03-23,2507.31,Cartão,Atrasado
1119,274,2025-01-29,9701.0,Boleto,Pago
1120,53,2025-07-23,573.65,Transferência,Atrasado
1121,5,2023-04-07,527.0,Cartão,Pago
1122,78,2025-08-25,3385.0,Transferência,Pago
1123,112,2024-12-20,5716.24,Transferência,Atrasado
1124,191,2025-06-26,2686.77,Cartão,Atrasado
1125,170,2025-05-01,9868.0,Boleto,Pago
1126,29,2025-08-08,3712.62,Cartão,Atrasado
1127,279,2024-05-02,1737.97,PIX,Atrasado
1128,196,2025-02-13,8122.0,Cartão,Pago
1129,128,2025-05-27,3381.91,Transferência,Atrasado
1130,127,2025-05-25,3741.0,Cartão,Em aberto
1131,102,2023-04-22,7222.6,Cartão,Atrasado
1132,267,2025-06-12,7898.0,Boleto,Em aberto
1133,243,2023-05-04,655.92,PIX,Atrasado
1134,166,2025-06-09,8522.0,Cartão,Pago
1135,282,2025-05-27,7530.0,Cartão,Em aberto
1136,130,2025-06-30,2430.9,Boleto,Atrasado
1137,185,2025-04-04,7610.0,Boleto,Pago
1138,58,2025-08-09,7406.0,Transferência,Pago
1139,167,2024-07-10,8435.0,Boleto,Pago
1140,142,2025-08-06,8200.0,Cartão,Em aberto
1141,203,2025-07-13,5337.0,Cartão,Pago
1142,22,2024-01-11,900.0,Transferência,Em aberto
1143,80,2023-02-22,6806.85,Boleto,Atrasado
1144,81,2024-09-23,2627.54,PIX,Atrasado
1145,31,2023-03-02,5698.0,PIX,Pago
1146,79,2024-10-13,4925.0,Cartão,Em aberto
1147,65,2025-01-07,2786.24,PIX,Atrasado
1148,225,2025-02-03,8224.0,Boleto,Em aberto
1149,11,2024-12-09,2585.0,Transferência,Em aberto
1150,184,2024-10-24,5208.0,Boleto,Em aberto
1151,129,2025-06-26,4852.0,Transferência,Pago
1152,225,2025-03-25,8224.0,PIX,Em aberto
1153,278,2025-03-15,2197.0,Transferência,Em aberto
1154,98,2024-08-24,2476.0,Boleto,Em aberto
1155,279,2023-10-17,1910.45,Transferência,Atrasado
1156,141,2025-06-23,7641.0,Boleto,Em aberto
1157,36,2023-06-09,4999.0,Boleto,Em aberto
1158,231,2024-04-23,7704.03,PIX,Atrasado
1159,233,2024-09-15,9350.0,Transferência,Pago
1160,95,2025-02-21,6132.0,PIX,Pago
1161,123,2024-05-11,6464.1,Transferência,Atrasado
1162,98,2025-03-01,2476.0,Transferência,Em aberto
1163,283,2025-04-10,9621.0,PIX,Pago
1164,166,2025-06-23,6445.71,Cartão,Atrasado
1165,50,2025-02-25,7124.0,Cartão,Em aberto
1166,23,2024-10-14,1693.0,Boleto,Pago
1167,17,2025-06-22,4001.0,Cartão,Pago
1168,249,2023-12-05,922.0,Cartão,Pago
1169,17,2025-03-13,4001.0,Transferência,Em aberto
1170,251,2025-07-10,3354.0,PIX,Em aberto
1171,26,2024-05-23,1716.04,Cartão,Atrasado
1172,7,2025-02-20,5909.0,Transferência,Pago
1173,41,2025-03-08,5986.52,Cartão,Atrasado
1174,185,2024-08-10,7610.0,Transferência,Em aberto
1175,189,2025-06-19,7556.0,Cartão,Em aberto
1176,137,2024-07-04,9924.0,Cartão,Em aberto
1177,37,2025-08-10,2752.01,Boleto,Atrasado
1178,266,2025-07-19,9533.0,Cartão,Pago
1179,119,2025-04-20,2125.0,Transferência,Em aberto
1180,98,2024-11-25,2476.0,Boleto,Pago
1181,292,2024-12-30,1361.0,Boleto,Em aberto
1182,286,2025-08-11,3472.0,Transferência,Em aberto
1183,55,2024-06-09,4762.0,PIX,Em aberto
1184,235,2023-12-17,8517.0,Transferência,Em aberto
1185,54,2025-02-14,2723.0,Boleto,Pago
1186,282,2025-07-17,5285.13,Boleto,Atrasado
1187,274,2024-01-23,9701.0,Transferência,Em aberto
1188,181,2024-11-01,4095.55,PIX,Atrasado
1189,191,2025-08-27,2779.57,Transferência,Atrasado
1190,166,2025-06-27,8522.0,Boleto,Em aberto
1191,289,2025-05-18,4024.0,Boleto,Em aberto
1192,193,2025-01-09,8653.0,PIX,Em aberto
1193,185,2025-06-28,5167.19,Transferência,Atrasado
1194,1,2023-10-15,2276.0,Cartão,Em aberto
1195,146,2025-07-09,7061.0,Cartão,Em aberto
1196,266,2024-11-17,9533.0,PIX,Pago
1197,4,2025-02-05,4176.53,Boleto,Atrasado
1198,162,2025-05-22,3622.0,PIX,Pago
1199,284,2025-08-02,4881.0,Boleto,Em aberto
1200,49,2024-11-13,975.0,Transferência,Pago
1201,183,2025-08-10,1621.0,Boleto,Pago
1202,136,2025-01-20,3938.62,Boleto,Atrasado
1203,120,2025-04-24,3986.12,Cartão,Atrasado
1204,293,2025-01-15,956.83,Boleto,Atrasado
1205,40,2024-12-26,3003.0,PIX,Em aberto
1206,248,2024-12-27,9350.0,Transferência,Pago
1207,296,2025-01-11,8894.0,PIX,Pago
1208,20,2023-12-17,5991.0,Transferência,Em aberto
1209,41,2024-04-21,7297.0,PIX,Pago
1210,179,2025-08-26,4674.26,Cartão,Atrasado
1211,117,2023-10-01,7753.0,Cartão,Em aberto
1212,196,2025-01-21,8122.0,PIX,Pago
1213,269,2024-10-11,2057.0,PIX,Pago
1214,277,2025-03-04,5212.0,Boleto,Em aberto
1215,168,2025-06-14,9403.0,Boleto,Em aberto
1216,79,2025-04-16,4925.0,Transferência,Pago
1217,229,2025-03-26,2790.0,Cartão,Em aberto
1218,114,2024-06-17,5987.29,Transferência,Atrasado
1219,76,2024-10-03,7602.0,PIX,Pago
1220,43,2025-07-22,5379.08,Cartão,Atrasado
1221,281,2024-07-08,1441.17,Transferência,Atrasado
1222,257,2025-08-14,4404.65,Boleto,Atrasado
1223,70,2025-02-01,3240.81,Transferência,Atrasado
1224,203,2025-07-15,5337.0,Boleto,Em aberto
1225,288,2024-11-12,1002.0,Boleto,Em aberto
1226,125,2025-06-27,7938.0,PIX,Pago
1227,221,2024-09-01,5389.41,Cartão,Atrasado
1228,58,2024-06-30,7406.0,Transferência,Em aberto
1229,217,2025-02-24,3867.27,PIX,Atrasado
1230,177,2025-08-04,7217.0,Cartão,Em aberto
1231,157,2024-10-17,2027.0,PIX,Pago
1232,227,2024-11-18,1535.0,Boleto,Em aberto
1233,226,2024-09-03,9698.0,Boleto,Pago
1234,103,2025-07-14,3680.0,PIX,Em aberto
1235,80,2024-03-10,8421.0,Cartão,Em aberto
1236,58,2024-11-05,7406.0,Cartão,Em aberto
1237,125,2025-05-11,7938.0,Boleto,Em aberto
1238,148,2023-11-13,2399.0,PIX,Pago
1239,57,2024-08-26,4563.65,Cartão,Atrasado
1240,170,2024-02-11,9868.0,Boleto,Pago
1241,105,2025-08-20,9251.0,PIX,Em aberto
1242,281,2024-05-29,1784.63,Boleto,Atrasado
1243,10,2025-05-13,5199.87,Cartão,Atrasado
1244,131,2023-05-01,9825.0,Cartão,Pago
1245,146,2025-08-14,7061.0,PIX,Pago
1246,28,2024-09-10,6846.46,Cartão,Atrasado
1247,35,2024-12-19,6907.91,PIX,Atrasado
1248,56,2024-05-01,7949.0,PIX,Pago
1249,198,2024-07-08,6161.0,Transferência,Pago
1250,261,2024-02-18,1823.0,Cartão,Em aberto
1251,162,2025-08-28,3066.78,Cartão,Atrasado
1252,96,2024-08-02,5919.0,Transferência,Pago
1253,288,2025-02-13,1002.0,Cartão,Em aberto
1254,21,2024-10-28,5585.0,PIX,Pago
1255,171,2024-11-18,4752.71,Boleto,Atrasado
1256,10,2025-04-27,5487.25,PIX,Atrasado
1257,155,2024-06-26,4420.0,PIX,Pago
1258,32,2024-06-16,8770.0,PIX,Em aberto
1259,199,2024-05-13,7451.0,PIX,Pago
1260,116,2025-08-23,4197.0,PIX,Pago
1261,202,2025-04-07,9870.0,Boleto,Em aberto
1262,45,2023-09-30,596.0,Transferência,Em aberto
1263,267,2025-04-27,7898.0,Boleto,Em aberto
1264,214,2025-06-29,9337.0,Boleto,Pago
1265,219,2025-08-14,3624.9,PIX,Atrasado
1266,230,2024-01-18,8571.0,Boleto,Em aberto
1267,106,2024-05-15,1393.0,Boleto,Em aberto
1268,298,2024-07-16,8472.0,Boleto,Em aberto
1269,71,2025-06-02,4219.02,Boleto,Atrasado
1270,221,2025-08-01,6964.0,Boleto,Pago
1271,163,2024-10-11,2736.0,Cartão,Pago
1272,95,2024-12-27,5125.18,Boleto,Atrasado
1273,16,2024-11-11,4924.01,Transferência,Atrasado
1274,211,2024-11-10,6768.63,PIX,Atrasado
1275,78,2025-02-13,3385.0,Cartão,Pago
1276,68,2025-08-15,6649.0,Cartão,Pago
1277,137,2025-07-20,9924.0,Boleto,Em aberto
1278,119,2024-08-05,2125.0,Cartão,Pago
1279,184,2025-07-28,5208.0,Transferência,Pago
1280,69,2025-04-17,1745.0,Transferência,Em aberto
1281,192,2025-08-05,6767.0,Transferência,Pago
1282,252,2025-01-12,4105.37,Boleto,Atrasado
1283,116,2025-08-18,4197.0,Transferência,Pago
1284,8,2024-05-27,2236.28,Boleto,Atrasado
1285,104,2023-07-01,3439.0,Cartão,Pago
1286,91,2025-07-12,7232.96,Transferência,Atrasado
1287,167,2025-02-17,7212.22,Transferência,Atrasado
1288,208,2025-02-25,4606.0,Transferência,Pago
1289,161,2025-07-01,5944.16,Cartão,Atrasado
1290,267,2025-07-05,7898.0,Transferência,Pago
1291,234,2023-10-20,3031.0,Boleto,Pago
1292,266,2025-01-16,9533.0,Transferência,Em aberto
1293,21,2023-02-03,5585.0,Transferência,Em aberto
1294,265,2025-01-20,7548.0,Cartão,Em aberto
1295,98,2024-03-16,1673.33,PIX,Atrasado
1296,147,2025-02-18,1100.33,PIX,Atrasado
1297,28,2025-01-14,8986.0,Boleto,Em aberto
1298,238,2025-08-12,4368.0,Transferência,Em aberto
1299,47,2024-08-23,9447.0,Cartão,Em aberto
1300,93,2024-07-26,4486.0,Boleto,Em aberto
1301,202,2025-01-07,6212.02,Cartão,Atrasado
1302,92,2025-05-13,3916.19,Boleto,Atrasado
1303,233,2024-08-19,9350.0,PIX,Pago
1304,166,2025-07-07,8522.0,Boleto,Em aberto
1305,64,2024-11-18,9740.0,Cartão,Pago
1306,231,2023-03-26,9307.0,PIX,Em aberto
1307,44,2024-01-11,820.0,Transferência,Em aberto
1308,262,2025-05-24,1576.0,Boleto,Em aberto
1309,194,2025-06-15,8055.0,Transferência,Em aberto
1310,23,2025-01-15,1693.0,PIX,Pago
1311,290,2023-04-16,6085.0,Boleto,Em aberto
1312,84,2025-01-15,6709.0,Boleto,Pago
1313,27,2023-06-13,1399.76,Transferência,Atrasado
1314,148,2024-04-23,2399.0,Boleto,Em aberto
1315,61,2024-05-21,1159.0,Boleto,Pago
1316,2,2024-05-07,5639.0,PIX,Em aberto
1317,7,2025-02-28,4130.69,Transferência,Atrasado
1318,279,2024-03-02,3035.0,Transferência,Pago
1319,122,2025-04-30,3064.0,Transferência,Pago
1320,233,2025-02-08,6327.61,Cartão,Atrasado
1321,126,2023-03-12,4834.0,PIX,Em aberto
1322,286,2025-08-07,3472.0,Cartão,Pago
1323,95,2025-01-14,6132.0,Cartão,Pago
1324,179,2025-08-28,7012.0,Boleto,Pago
1325,17,2025-01-24,4001.0,PIX,Em aberto
1326,170,2025-01-20,9868.0,Cartão,Pago
1327,56,2023-08-14,7134.18,Boleto,Atrasado
1328,146,2025-06-11,7061.0,Boleto,Em aberto
1329,234,2024-10-15,3031.0,PIX,Em aberto
1330,19,2025-02-24,8945.0,PIX,Pago
1331,166,2025-08-18,7320.5,Cartão,Atrasado
1332,219,2024-12-02,4196.0,Cartão,Em aberto
1333,150,2025-07-14,4026.26,PIX,Atrasado
1334,169,2025-08-05,5772.0,Transferência,Em aberto
1335,269,2023-08-18,2057.0,Boleto,Pago
1336,30,2024-06-27,8112.0,Cartão,Pago
1337,248,2024-11-26,9350.0,PIX,Em aberto
1338,219,2023-11-23,4196.0,PIX,Em aberto
1339,133,2025-06-23,7094.0,PIX,Em aberto
1340,67,2024-05-19,9981.0,Transferência,Em aberto
1341,267,2025-08-21,7898.0,Transferência,Em aberto
1342,253,2025-04-11,1541.0,Boleto,Pago
1343,149,2024-02-03,518.0,Cartão,Pago
1344,61,2025-03-13,1159.0,Transferência,Pago
1345,61,2024-11-25,1159.0,Boleto,Em aberto
1346,213,2025-05-16,3786.46,PIX,Atrasado
1347,287,2025-01-28,7066.0,Boleto,Em aberto
1348,6,2025-01-31,3728.0,Boleto,Em aberto
1349,145,2025-02-13,7032.15,PIX,Atrasado
1350,154,2023-04-01,8441.0,PIX,Em aberto
1351,4,2025-06-11,4673.0,PIX,Pago
1352,175,2024-10-16,1693.24,Cartão,Atrasado
1353,90,2025-07-01,4437.0,PIX,Pago
1354,174,2024-11-19,8729.0,Transferência,Em aberto
1355,243,2023-04-22,849.0,Boleto,Pago
1356,247,2024-10-20,546.0,Transferência,Pago
1357,275,2024-12-09,1713.84,Transferência,Atrasado
1358,29,2024-02-15,4582.0,PIX,Em aberto
1359,290,2024-10-08,6085.0,PIX,Em aberto
1360,285,2024-11-03,5562.0,Cartão,Em aberto
1361,107,2025-06-18,2568.0,PIX,Em aberto
1362,182,2025-06-15,8494.0,Boleto,Pago
1363,144,2025-05-08,3134.0,PIX,Pago
1364,193,2024-02-09,8653.0,Boleto,Em aberto
1365,293,2024-03-28,1315.0,Transferência,Em aberto
1366,96,2024-11-16,5919.0,Cartão,Em aberto
1367,158,2025-07-20,2424.0,PIX,Em aberto
1368,17,2024-03-16,2662.86,Transferência,Atrasado
1369,122,2024-07-06,2085.86,PIX,Atrasado
1370,111,2023-01-03,8327.0,PIX,Em aberto
1371,90,2024-05-23,4437.0,PIX,Pago
1372,20,2024-03-07,5991.0,Cartão,Pago
1373,228,2024-10-02,5451.0,Cartão,Em aberto
1374,248,2025-06-21,9350.0,Boleto,Em aberto
1375,98,2024-12-05,2152.77,PIX,Atrasado
1376,168,2025-05-15,9403.0,Cartão,Pago
1377,265,2024-09-08,7548.0,Boleto,Em aberto
1378,106,2024-04-17,1393.0,Cartão,Em aberto
1379,236,2024-12-22,3992.55,Cartão,Atrasado
1380,3,2024-03-27,2089.81,Cartão,Atrasado
1381,171,2023-04-05,6186.53,Cartão,Atrasado
1382,267,2025-08-29,7898.0,PIX,Em aberto
1383,12,2025-08-20,6711.0,PIX,Em aberto
1384,108,2024-10-11,1264.88,PIX,Atrasado
1385,142,2025-08-18,8200.0,PIX,Em aberto
1386,226,2024-08-09,9698.0,Cartão,Em aberto
1387,140,2025-06-22,7745.0,Boleto,Pago
1388,141,2025-04-25,7641.0,Cartão,Pago
1389,287,2025-01-26,7066.0,Cartão,Em aberto
1390,106,2024-07-13,1393.0,PIX,Em aberto
1391,282,2025-08-06,4581.41,PIX,Atrasado
1392,294,2024-05-16,7759.0,Boleto,Pago
1393,37,2024-09-28,3861.43,PIX,Atrasado
1394,277,2025-04-25,2711.75,Cartão,Atrasado
1395,242,2024-10-06,3975.0,Cartão,Em aberto
1396,55,2025-01-08,2483.48,Transferência,Atrasado
1397,201,2025-06-11,8416.0,Transferência,Pago
1398,183,2025-08-21,1025.98,Boleto,Atrasado
1399,274,2025-07-28,9701.0,Transferência,Pago
1400,291,2025-07-20,5814.0,Cartão,Pago
1401,240,2024-04-01,1492.0,Transferência,Pago
1402,159,2025-04-06,5281.0,Transferência,Em aberto
1403,241,2024-07-16,2501.0,Boleto,Pago
1404,74,2023-11-25,1629.0,PIX,Em aberto
1405,187,2025-07-30,3099.48,PIX,Atrasado
1406,167,2025-05-14,5862.35,Cartão,Atrasado
1407,244,2025-06-25,2563.0,PIX,Pago
1408,246,2024-01-06,3618.97,PIX,Atrasado
1409,179,2025-08-13,7012.0,Boleto,Em aberto
1410,261,2023-09-22,1823.0,Transferência,Pago
1411,55,2023-12-23,3440.35,Cartão,Atrasado
1412,155,2024-10-31,4420.0,Transferência,Em aberto
1413,206,2025-08-15,5189.0,Transferência,Em aberto
1414,123,2024-10-27,8199.0,Boleto,Em aberto
1415,281,2024-01-12,2382.0,Transferência,Pago
1416,197,2023-10-23,3088.0,PIX,Pago
1417,107,2024-12-06,2568.0,Transferência,Em aberto
1418,223,2023-08-07,4795.0,PIX,Em aberto
1419,279,2024-05-22,3035.0,Boleto,Em aberto
1420,89,2024-02-19,7158.0,Cartão,Em aberto
1421,294,2025-05-01,4234.31,Transferência,Atrasado
1422,167,2024-01-05,8435.0,Cartão,Em aberto
1423,228,2025-06-13,5451.0,PIX,Pago
1424,208,2025-02-13,4606.0,Cartão,Pago
1425,195,2025-05-31,3267.41,Cartão,Atrasado
1426,47,2024-03-20,9447.0,Boleto,Pago
1427,298,2023-10-16,8472.0,Cartão,Em aberto
1428,76,2025-08-04,7602.0,Boleto,Em aberto
1429,232,2025-08-14,6578.0,PIX,Em aberto
1430,200,2025-05-08,5449.0,Transferência,Em aberto
1431,101,2025-07-24,8433.0,PIX,Pago
1432,154,2022-11-22,8441.0,PIX,Em aberto
1433,223,2024-04-14,4795.0,PIX,Em aberto
1434,46,2024-11-10,6889.0,Cartão,Em aberto
1435,262,2024-05-20,1322.35,PIX,Atrasado
1436,32,2023-04-08,7545.97,Cartão,Atrasado
1437,1,2024-12-23,2276.0,PIX,Em aberto
1438,57,2024-06-24,5679.33,Boleto,Atrasado
1439,222,2025-03-04,2524.0,Transferência,Em aberto
1440,163,2024-04-11,2736.0,Transferência,Em aberto
1441,208,2024-08-19,3104.79,Boleto,Atrasado
1442,89,2025-03-09,3977.18,Transferência,Atrasado
1443,185,2025-08-17,4274.59,Boleto,Atrasado
1444,69,2025-06-14,1745.0,Cartão,Pago
1445,9,2025-06-20,5567.0,Transferência,Pago
1446,224,2025-06-23,6586.0,Cartão,Pago
1447,71,2024-10-27,5441.0,Transferência,Em aberto
1448,234,2025-04-21,3031.0,Transferência,Em aberto
1449,93,2024-08-07,3157.09,Transferência,Atrasado
1450,197,2024-03-19,1822.84,Transferência,Atrasado
1451,4,2025-04-21,4673.0,Transferência,Em aberto
1452,122,2025-02-07,3064.0,PIX,Em aberto
1453,211,2025-06-29,9995.0,PIX,Em aberto
1454,18,2024-08-12,3280.0,Transferência,Pago
1455,189,2025-08-06,7556.0,Transferência,Pago
1456,41,2025-01-15,7297.0,PIX,Pago
1457,239,2025-07-24,6518.0,Cartão,Em aberto
1458,268,2025-08-14,7930.0,Cartão,Em aberto
1459,126,2023-06-27,3636.45,Cartão,Atrasado
1460,277,2025-03-11,5212.0,PIX,Em aberto
1461,28,2025-01-16,6416.12,Cartão,Atrasado
1462,241,2024-06-24,1763.37,Transferência,Atrasado
1463,294,2024-08-07,7759.0,PIX,Em aberto
1464,216,2024-04-10,7422.25,PIX,Atrasado
1465,149,2024-06-02,518.0,Cartão,Pago
1466,156,2023-10-02,9524.0,PIX,Em aberto
1467,32,2024-01-27,8770.0,Transferência,Em aberto
1468,297,2024-03-02,2316.0,Cartão,Pago
1469,150,2024-12-01,7270.0,Cartão,Em aberto
1470,147,2024-10-18,1035.09,Cartão,Atrasado
1471,143,2024-03-29,3185.37,PIX,Atrasado
1472,141,2025-06-02,3863.91,Cartão,Atrasado
1473,90,2024-04-01,4437.0,Boleto,Em aberto
1474,229,2025-08-02,2296.55,PIX,Atrasado
1475,121,2024-10-30,2534.82,Cartão,Atrasado
1476,176,2025-07-22,7986.0,Boleto,Pago
1477,79,2025-08-17,3945.44,Transferência,Atrasado
1478,197,2025-01-06,3088.0,Transferência,Pago
1479,86,2025-06-07,6313.0,PIX,Pago
1480,28,2025-03-20,8986.0,PIX,Em aberto
1481,60,2025-08-18,6233.0,Boleto,Pago
1482,238,2025-08-12,3016.07,Transferência,Atrasado
1483,273,2025-08-20,6605.0,Transferência,Pago
1484,200,2025-06-25,3296.92,Transferência,Atrasado
1485,7,2025-07-14,5146.08,Transferência,Atrasado
1486,196,2025-07-01,8122.0,PIX,Em aberto
1487,272,2023-10-20,1898.0,Cartão,Em aberto
1488,50,2024-09-25,7124.0,PIX,Em aberto
1489,222,2025-03-09,2524.0,PIX,Em aberto
1490,172,2025-05-06,5005.78,Cartão,Atrasado
1491,131,2023-02-26,9825.0,Transferência,Em aberto
1492,237,2024-04-16,4059.0,Boleto,Em aberto
1493,100,2025-05-05,3533.0,PIX,Em aberto
1494,93,2025-06-16,3225.64,Cartão,Atrasado
1495,35,2023-12-21,9040.0,Transferência,Pago
1496,51,2025-03-18,8157.0,Cartão,Em aberto
1497,229,2023-04-09,1639.87,PIX,Atrasado
1498,129,2024-06-18,4852.0,Cartão,Pago
1499,13,2025-02-15,3351.0,Cartão,Em aberto
1500,30,2025-07-29,8112.0,Boleto,Em aberto
1501,63,2025-08-12,2568.0,Cartão,Em aberto
1502,45,2025-01-12,596.0,Boleto,Em aberto
1503,193,2024-09-22,8653.0,Boleto,Em aberto
1504,57,2023-05-08,6711.0,Boleto,Em aberto
1505,130,2025-04-18,2210.07,Cartão,Atrasado
1506,233,2025-01-04,7552.4,PIX,Atrasado
1507,132,2025-04-04,8179.0,Cartão,Pago
1508,142,2025-08-06,8200.0,Transferência,Pago
1509,199,2025-07-29,6693.85,PIX,Atrasado
1510,136,2025-07-30,4602.0,Transferência,Pago
1511,36,2025-06-07,4457.95,Boleto,Atrasado
1512,202,2025-06-08,9870.0,Transferência,Pago
1513,56,2023-12-15,7949.0,Transferência,Pago
1514,112,2024-02-16,8556.0,Cartão,Em aberto
1515,227,2025-08-11,1535.0,PIX,Em aberto
1516,53,2025-08-06,944.0,Cartão,Pago
1517,37,2025-08-23,5181.0,PIX,Em aberto
1518,229,2023-06-07,2790.0,Transferência,Pago
1519,77,2025-08-27,8032.0,Cartão,Em aberto
1520,20,2025-07-29,5991.0,Transferência,Em aberto
1521,137,2024-04-27,9924.0,PIX,Pago
1522,201,2025-07-23,8416.0,Cartão,Em aberto
1523,264,2023-04-13,9192.0,Transferência,Em aberto
1524,245,2025-03-10,6337.79,Cartão,Atrasado
1525,277,2025-06-10,5212.0,Cartão,Pago
1526,197,2022-10-06,3088.0,Transferência,Em aberto
1527,63,2025-04-26,2568.0,PIX,Em aberto
1528,171,2024-05-19,7230.0,PIX,Em aberto
1529,206,2025-08-14,5189.0,Cartão,Pago
1530,188,2025-08-01,1419.0,PIX,Em aberto
1531,42,2025-03-03,6540.41,PIX,Atrasado
1532,104,2024-05-19,3439.0,Cartão,Pago
1533,197,2023-05-01,3088.0,Boleto,Em aberto
1534,154,2022-12-27,8441.0,Transferência,Em aberto
1535,55,2025-01-10,4762.0,PIX,Em aberto
1536,250,2024-10-20,4398.0,Transferência,Pago
1537,98,2023-10-27,2476.0,Cartão,Pago
1538,99,2025-01-06,2458.0,Boleto,Pago
1539,251,2025-08-05,1761.51,PIX,Atrasado
1540,256,2024-05-25,1210.0,Transferência,Em aberto
1541,9,2023-03-18,5567.0,PIX,Pago
1542,29,2024-10-23,3734.84,Cartão,Atrasado
1543,208,2025-05-23,4606.0,Boleto,Pago
1544,268,2025-08-20,6946.96,Boleto,Atrasado
1545,297,2024-07-11,2316.0,Cartão,Pago
1546,19,2025-07-11,8945.0,Boleto,Em aberto
1547,251,2025-08-17,3354.0,Cartão,Em aberto
1548,242,2024-11-21,3975.0,Cartão,Em aberto
1549,125,2023-10-16,7938.0,Boleto,Em aberto
1550,8,2023-11-01,2541.0,Cartão,Pago
1551,158,2025-06-01,2424.0,Transferência,Pago
1552,88,2025-05-20,3630.0,Cartão,Em aberto
1553,55,2023-12-29,4762.0,Transferência,Pago
1554,113,2025-04-15,1378.0,Boleto,Pago
1555,219,2025-06-28,3460.06,Transferência,Atrasado
1556,167,2025-03-17,8435.0,Boleto,Pago
1557,165,2025-02-18,542.0,Cartão,Pago
1558,89,2024-07-28,3760.02,PIX,Atrasado
1559,73,2025-08-18,5234.31,PIX,Atrasado
1560,284,2025-07-31,4881.0,Transferência,Pago
1561,125,2024-06-11,7938.0,Cartão,Em aberto
1562,69,2025-03-20,1745.0,Transferência,Pago
1563,81,2024-09-24,4897.0,Transferência,Pago
1564,42,2025-08-28,8133.0,Cartão,Pago
1565,92,2025-03-06,5320.0,PIX,Pago
1566,214,2025-07-27,9337.0,Transferência,Em aberto
1567,65,2025-05-06,4698.0,Boleto,Pago
1568,139,2025-03-12,3370.0,Transferência,Em aberto
1569,211,2024-12-14,9995.0,Boleto,Pago
1570,20,2024-12-04,5991.0,Boleto,Em aberto
1571,256,2023-05-01,1210.0,Cartão,Em aberto
1572,155,2025-04-16,2950.41,Boleto,Atrasado
1573,99,2024-06-11,2458.0,Cartão,Pago
1574,186,2025-08-29,2146.0,Boleto,Em aberto
1575,238,2025-08-24,4368.0,Boleto,Em aberto
1576,142,2025-08-27,8200.0,Boleto,Pago
1577,58,2025-06-09,7406.0,Transferência,Pago
1578,255,2024-03-18,7905.0,Boleto,Pago
1579,23,2024-12-19,1693.0,PIX,Pago
1580,146,2024-12-01,7061.0,Transferência,Pago
1581,129,2024-07-14,3623.12,Transferência,Atrasado
1582,23,2025-07-01,1693.0,Cartão,Pago
1583,276,2025-06-25,7429.0,Boleto,Pago
1584,15,2025-06-21,3671.0,Cartão,Atrasado
1585,121,2024-11-08,4429.0,Transferência,Em aberto
1586,297,2024-10-10,1546.22,PIX,Atrasado
1587,118,2025-07-19,5503.0,PIX,Pago
1588,117,2024-02-11,7753.0,Boleto,Pago
1589,212,2024-11-19,1976.0,Transferência,Pago
1590,113,2025-06-17,1378.0,Transferência,Pago
1591,300,2025-08-24,728.86,Transferência,Atrasado
1592,75,2024-04-30,707.0,Transferência,Pago
1593,92,2025-03-05,3454.78,Transferência,Atrasado
1594,100,2025-03-08,3533.0,PIX,Em aberto
1595,139,2025-04-30,3370.0,PIX,Pago
1596,66,2022-10-31,2376.0,Cartão,Pago
1597,144,2025-08-01,3134.0,Cartão,Pago
1598,239,2025-07-27,4349.39,PIX,Atrasado
1599,113,2025-02-08,1021.72,Boleto,Atrasado
1600,296,2025-05-18,8894.0,Boleto,Em aberto
1601,45,2024-12-31,502.3,Transferência,Atrasado
1602,111,2023-04-30,8327.0,Transferência,Em aberto
1603,237,2024-10-18,2053.05,Transferência,Atrasado
1604,127,2025-05-30,3741.0,PIX,Pago
1605,223,2025-06-15,4795.0,Boleto,Em aberto
1606,77,2025-08-17,8032.0,Cartão,Em aberto
1607,214,2025-02-06,9337.0,Cartão,Pago
1608,241,2024-07-31,2501.0,Cartão,Em aberto
1609,218,2024-02-09,1733.0,Transferência,Em aberto
1610,246,2025-01-20,4317.0,Cartão,Em aberto
1611,232,2025-05-14,3921.83,Cartão,Atrasado
1612,209,2024-10-26,2740.0,Boleto,Pago
1613,184,2024-07-30,3102.01,Cartão,Atrasado
1614,9,2023-11-07,4273.31,Boleto,Atrasado
1615,236,2024-12-27,5083.0,Cartão,Em aberto
1616,233,2025-06-07,7561.66,Transferência,Atrasado
1617,95,2025-03-26,4603.44,Cartão,Atrasado
1618,37,2025-01-06,4442.05,PIX,Atrasado
1619,272,2025-01-19,1898.0,PIX,Pago
1620,219,2025-08-21,3269.62,Boleto,Atrasado
1621,42,2025-05-08,8133.0,PIX,Em aberto
1622,29,2025-03-12,4582.0,PIX,Em aberto
1623,27,2024-07-02,2246.0,Transferência,Pago
1624,188,2025-06-09,1060.92,PIX,Atrasado
1625,188,2025-07-26,1419.0,Cartão,Pago
1626,288,2025-07-17,1002.0,Boleto,Em aberto
1627,71,2024-08-30,3239.86,Cartão,Atrasado
1628,245,2025-06-08,9580.0,Boleto,Em aberto
1629,116,2025-08-15,2690.63,PIX,Atrasado
1630,258,2024-04-10,1010.0,Transferência,Em aberto
1631,142,2025-08-24,8200.0,Cartão,Pago
1632,191,2025-07-12,2349.33,Cartão,Atrasado
1633,241,2025-07-18,2501.0,PIX,Em aberto
1634,232,2025-03-23,6578.0,PIX,Em aberto
1635,34,2023-12-28,4746.0,Transferência,Pago
1636,45,2024-04-05,596.0,Transferência,Pago
1637,92,2025-01-24,4699.17,Cartão,Atrasado
1638,56,2024-08-24,7949.0,PIX,Pago
1639,58,2025-02-18,7406.0,Boleto,Em aberto
1640,255,2025-03-06,7905.0,Boleto,Pago
1641,267,2025-02-22,7898.0,Cartão,Em aberto
1642,151,2022-12-15,5706.08,Boleto,Atrasado
1643,243,2025-08-05,567.18,Cartão,Atrasado
1644,150,2025-01-30,7270.0,Cartão,Pago
1645,12,2025-08-25,6711.0,PIX,Pago
1646,211,2024-11-29,9995.0,PIX,Em aberto
1647,168,2025-07-15,6933.24,Transferência,Atrasado
1648,235,2025-03-11,6191.01,PIX,Atrasado
1649,88,2025-05-02,2144.29,PIX,Atrasado
1650,148,2024-11-14,2399.0,Boleto,Pago
1651,181,2024-02-11,3881.32,Boleto,Atrasado
1652,83,2025-04-08,8113.0,PIX,Em aberto
1653,94,2025-07-31,6546.0,Boleto,Pago
1654,83,2024-07-27,8113.0,Cartão,Pago
1655,22,2023-10-29,656.83,Transferência,Atrasado
1656,134,2025-07-24,4928.93,Cartão,Atrasado
1657,163,2024-11-25,1529.91,Transferência,Atrasado
1658,277,2025-06-27,5212.0,PIX,Pago
1659,63,2025-05-23,2568.0,Transferência,Pago
1660,256,2025-02-24,1210.0,Transferência,Pago
1661,164,2023-04-22,7298.0,Cartão,Pago
1662,280,2025-08-26,2273.0,PIX,Em aberto
1663,152,2025-07-26,6645.66,Boleto,Atrasado
1664,290,2025-02-21,6085.0,Transferência,Em aberto
1665,174,2025-01-20,8729.0,Cartão,Em aberto
1666,246,2024-02-16,4317.0,Boleto,Pago
1667,283,2025-05-05,9621.0,PIX,Pago
1668,13,2024-02-25,2503.23,Boleto,Atrasado
1669,229,2023-04-13,1498.21,Cartão,Atrasado
1670,100,2025-05-03,3533.0,Boleto,Em aberto
1671,143,2024-09-14,5760.0,Cartão,Pago
1672,43,2025-06-15,7383.0,Transferência,Em aberto
1673,45,2024-03-11,596.0,Transferência,Em aberto
1674,100,2023-09-14,2215.56,Cartão,Atrasado
1675,185,2024-05-18,4255.35,Transferência,Atrasado
1676,190,2025-06-26,4706.86,PIX,Atrasado
1677,177,2025-06-09,4497.88,Transferência,Atrasado
1678,288,2024-12-31,1002.0,Boleto,Pago
1679,228,2025-01-11,5451.0,Transferência,Em aberto
1680,227,2024-02-22,868.07,Transferência,Atrasado
1681,213,2025-08-01,7307.0,Cartão,Pago
1682,74,2025-08-02,1629.0,PIX,Pago
1683,244,2025-08-04,2563.0,PIX,Em aberto
1684,34,2024-01-31,4746.0,Transferência,Em aberto
1685,46,2024-09-15,6889.0,Transferência,Pago
1686,140,2025-04-07,4414.32,Transferência,Atrasado
1687,291,2025-05-02,5814.0,Boleto,Pago
1688,96,2025-03-17,3644.83,Transferência,Atrasado
1689,22,2024-02-13,750.45,PIX,Atrasado
1690,253,2024-12-31,1541.0,Transferência,Em aberto
1691,115,2025-02-24,2440.0,Cartão,Pago
1692,79,2025-07-14,3053.83,Transferência,Atrasado
1693,64,2025-05-26,9740.0,PIX,Em aberto
1694,214,2024-02-25,9337.0,Transferência,Pago
1695,126,2025-04-10,4834.0,Cartão,Pago
1696,142,2025-08-22,7361.41,Cartão,Atrasado
1697,186,2025-01-07,2146.0,Transferência,Em aberto
1698,290,2025-07-28,5156.05,Transferência,Atrasado
1699,62,2023-10-07,587.27,Cartão,Atrasado
1700,133,2025-05-10,7094.0,Cartão,Pago
1701,75,2025-03-02,483.88,Boleto,Atrasado
1702,183,2025-08-09,1621.0,Cartão,Pago
1703,140,2024-08-19,5172.15,PIX,Atrasado
1704,25,2024-03-23,4187.78,Cartão,Atrasado
1705,264,2025-07-28,9192.0,Boleto,Pago
1706,49,2024-03-14,975.0,Boleto,Em aberto
1707,279,2025-06-13,2576.65,PIX,Atrasado
1708,139,2024-10-20,3370.0,PIX,Em aberto
1709,50,2025-04-18,7124.0,PIX,Em aberto
1710,74,2023-11-03,1629.0,Boleto,Pago
1711,266,2025-04-16,6188.88,Transferência,Atrasado
1712,211,2025-04-28,8679.29,Boleto,Atrasado
1713,53,2025-07-25,944.0,Boleto,Pago
1714,258,2025-07-09,1010.0,Boleto,Pago
1715,287,2025-03-28,7066.0,Cartão,Em aberto
1716,214,2024-09-03,8089.69,Cartão,Atrasado
1717,68,2025-08-28,6649.0,Transferência,Pago
1718,179,2025-08-07,5444.26,Boleto,Atrasado
1719,227,2024-07-11,1535.0,PIX,Em aberto
1720,89,2025-05-10,7158.0,PIX,Em aberto
1721,15,2025-08-22,5200.0,Cartão,Em aberto
1722,114,2023-12-26,9721.0,Boleto,Pago
1723,117,2023-12-28,4265.22,Boleto,Atrasado
1724,41,2025-01-25,5664.86,Cartão,Atrasado
1725,40,2024-01-17,3003.0,Transferência,Pago
1726,221,2024-08-09,6964.0,Boleto,Pago
1727,56,2025-02-04,7949.0,Cartão,Pago
1728,241,2023-09-29,2501.0,PIX,Pago
1729,23,2025-01-28,1693.0,PIX,Pago
1730,6,2025-06-04,3728.0,Cartão,Pago
1731,106,2024-09-18,1393.0,Boleto,Em aberto
1732,95,2024-11-08,6132.0,PIX,Em aberto
1733,15,2025-05-22,5200.0,Boleto,Pago
1734,143,2024-06-10,5760.0,PIX,Em aberto
1735,181,2024-02-27,5688.0,Boleto,Pago
1736,259,2023-07-16,7080.0,Cartão,Em aberto
1737,51,2024-03-12,8157.0,Cartão,Em aberto
1738,271,2025-04-29,8270.0,Boleto,Pago
1739,145,2024-09-18,8617.0,Cartão,Pago
1740,51,2023-12-04,8157.0,Transferência,Pago
1741,188,2025-08-01,1419.0,Boleto,Em aberto
1742,226,2023-12-06,9698.0,Cartão,Em aberto
1743,93,2024-11-26,4003.85,Transferência,Atrasado
1744,110,2025-07-28,3520.0,Boleto,Em aberto
1745,209,2024-01-13,2740.0,PIX,Pago
1746,64,2023-11-22,5299.79,Boleto,Atrasado
1747,254,2024-01-01,5028.35,Cartão,Atrasado
1748,43,2025-05-16,5149.53,Transferência,Atrasado
1749,146,2025-05-08,5226.24,PIX,Atrasado
1750,228,2025-04-24,5451.0,Transferência,Pago
1751,149,2025-04-21,298.12,Cartão,Atrasado
1752,244,2025-05-31,2563.0,PIX,Em aberto
1753,92,2025-06-02,5320.0,Transferência,Pago
1754,54,2024-11-24,1838.63,Cartão,Atrasado
1755,62,2025-02-24,833.0,Transferência,Pago
1756,206,2025-08-09,5189.0,Cartão,Em aberto
1757,87,2024-10-13,5026.0,PIX,Pago
1758,102,2023-06-30,5276.06,Transferência,Atrasado
1759,63,2025-03-28,2568.0,Transferência,Pago
1760,256,2023-07-28,975.17,PIX,Atrasado
1761,205,2024-08-22,899.5,Transferência,Atrasado
1762,249,2024-08-31,922.0,PIX,Em aberto
1763,76,2023-05-26,4129.52,PIX,Atrasado
1764,251,2025-08-23,1986.67,Boleto,Atrasado
1765,16,2025-02-10,5779.0,Cartão,Pago
1766,35,2025-03-22,6972.04,Boleto,Atrasado
1767,196,2024-11-10,8122.0,PIX,Em aberto
1768,79,2024-10-25,3687.77,Cartão,Atrasado
1769,40,2023-12-06,3003.0,Transferência,Em aberto
1770,239,2025-07-04,6518.0,PIX,Pago
1771,255,2024-03-07,5548.66,PIX,Atrasado
1772,277,2025-05-06,5212.0,Cartão,Em aberto
1773,17,2025-08-23,3409.05,Cartão,Atrasado
1774,197,2023-03-14,1932.54,Transferência,Atrasado
1775,227,2024-06-13,789.59,Boleto,Atrasado
1776,286,2025-08-09,3472.0,PIX,Em aberto
1777,85,2023-06-20,3915.99,PIX,Atrasado
1778,200,2024-04-03,4389.74,Transferência,Atrasado
1779,284,2025-07-23,4881.0,Transferência,Em aberto
1780,244,2025-08-16,2563.0,Boleto,Em aberto
1781,260,2023-09-19,8532.0,Transferência,Pago
1782,135,2023-07-29,849.09,Transferência,Atrasado
1783,181,2025-08-11,3573.16,Cartão,Atrasado
1784,24,2024-12-31,9931.0,PIX,Pago
1785,179,2025-08-22,7012.0,Cartão,Em aberto
1786,175,2024-05-26,1155.49,PIX,Atrasado
1787,183,2025-08-03,1038.26,Boleto,Atrasado
1788,127,2025-01-29,3741.0,PIX,Pago
1789,44,2025-05-27,820.0,Cartão,Em aberto
1790,157,2024-04-16,2027.0,PIX,Pago
1791,87,2024-04-29,5026.0,PIX,Pago
1792,20,2024-05-27,4571.77,Transferência,Atrasado
1793,291,2025-03-03,5814.0,Transferência,Em aberto
1794,137,2024-08-01,9924.0,Transferência,Pago
1795,12,2025-08-15,4369.5,Transferência,Atrasado
1796,166,2025-07-11,8522.0,Cartão,Em aberto
1797,251,2025-07-09,3354.0,Boleto,Pago
1798,173,2025-01-28,2097.71,PIX,Atrasado
1799,86,2024-03-17,6313.0,PIX,Em aberto
1800,187,2025-07-05,3139.28,Cartão,Atrasado
1801,275,2025-05-31,2502.0,PIX,Pago
1802,136,2025-06-24,4602.0,PIX,Pago
1803,294,2024-04-17,6376.67,Cartão,Atrasado
1804,297,2024-05-22,2316.0,PIX,Pago
1805,140,2025-05-10,7745.0,Transferência,Pago
1806,219,2025-03-29,4196.0,PIX,Pago
1807,40,2025-01-21,3003.0,PIX,Em aberto
1808,259,2024-05-09,4766.0,PIX,Atrasado
1809,103,2024-04-26,2432.19,Transferência,Atrasado
1810,281,2022-12-17,2382.0,Cartão,Pago
1811,265,2024-11-07,7548.0,Transferência,Pago
1812,110,2025-04-16,3520.0,Transferência,Em aberto
1813,138,2025-01-10,4915.0,Transferência,Em aberto
1814,290,2023-03-17,6085.0,Cartão,Em aberto
1815,268,2025-01-03,7930.0,PIX,Pago
1816,237,2024-10-12,4059.0,Boleto,Pago
1817,78,2025-06-11,3385.0,PIX,Em aberto
1818,223,2025-08-20,3008.68,Cartão,Atrasado
1819,105,2025-06-02,5613.27,PIX,Atrasado
1820,83,2025-03-18,6285.48,Boleto,Atrasado
1821,208,2025-01-02,4606.0,Cartão,Pago
1822,77,2025-08-25,8032.0,Cartão,Pago
1823,126,2024-08-15,3314.5,Transferência,Atrasado
1824,217,2025-06-22,6049.0,Cartão,Em aberto
1825,104,2024-01-13,3439.0,PIX,Pago
1826,70,2024-02-05,4478.0,PIX,Pago
1827,143,2024-08-02,5760.0,Boleto,Em aberto
1828,22,2025-03-17,900.0,Transferência,Em aberto
1829,11,2025-01-16,2585.0,Cartão,Pago
1830,161,2025-06-16,7983.0,PIX,Em aberto
1831,33,2024-01-21,2668.01,Cartão,Atrasado
1832,204,2023-07-21,4997.0,Boleto,Em aberto
1833,121,2024-11-05,4429.0,Cartão,Pago
1834,268,2025-05-22,7930.0,PIX,Em aberto
1835,255,2025-08-06,7905.0,Boleto,Pago
1836,63,2025-05-30,1622.24,Transferência,Atrasado
1837,121,2025-04-01,2600.72,Cartão,Atrasado
1838,90,2024-11-19,4437.0,PIX,Pago
1839,226,2023-10-20,5835.5,Cartão,Atrasado
1840,252,2025-02-28,7397.0,PIX,Em aberto
1841,58,2024-09-24,5319.72,Transferência,Atrasado
1842,127,2025-02-05,3186.48,Boleto,Atrasado
1843,186,2025-05-29,1687.33,PIX,Atrasado
1844,11,2025-04-29,2585.0,Cartão,Em aberto
1845,28,2025-06-13,8986.0,Boleto,Em aberto
1846,130,2025-06-23,3218.0,Transferência,Em aberto
1847,159,2025-01-31,5281.0,PIX,Em aberto
1848,63,2025-05-30,2568.0,Boleto,Em aberto
1849,227,2024-06-29,772.33,Transferência,Atrasado
1850,131,2025-08-21,5267.18,Boleto,Atrasado
1851,153,2024-08-06,9498.0,Boleto,Pago
1852,225,2025-05-05,8224.0,PIX,Em aberto
1853,209,2025-04-24,2740.0,PIX,Pago
1854,42,2023-12-21,5599.05,Transferência,Atrasado
1855,171,2024-02-20,7230.0,Transferência,Em aberto
1856,52,2024-06-04,941.0,PIX,Pago
1857,260,2023-04-08,8532.0,PIX,Pago
1858,216,2024-09-21,8394.0,PIX,Em aberto
1859,233,2025-03-06,9350.0,Cartão,Em aberto
1860,27,2024-03-04,2246.0,Boleto,Em aberto
1861,228,2024-10-05,5451.0,Boleto,Em aberto
1862,2,2024-05-13,3270.79,PIX,Atrasado
1863,161,2024-10-02,7983.0,Cartão,Em aberto
1864,57,2025-01-01,6711.0,Boleto,Pago
1865,265,2024-07-19,7548.0,Boleto,Em aberto
1866,211,2024-12-30,6802.56,Boleto,Atrasado
1867,134,2025-04-26,8590.0,PIX,Pago
1868,145,2024-08-14,8617.0,Cartão,Pago
1869,213,2025-06-11,4185.13,Transferência,Atrasado
1870,293,2025-06-18,1315.0,Cartão,Pago
1871,12,2025-07-11,6711.0,Boleto,Em aberto
1872,46,2024-06-04,3990.84,Boleto,Atrasado
1873,26,2025-07-29,2179.59,PIX,Atrasado
1874,77,2025-08-25,8032.0,PIX,Pago
1875,88,2025-06-11,3630.0,Cartão,Em aberto
1876,8,2024-03-04,2541.0,Transferência,Em aberto
1877,233,2023-12-02,9350.0,Transferência,Em aberto
1878,61,2025-04-09,1159.0,Boleto,Pago
1879,98,2024-03-29,1523.2,Transferência,Atrasado
1880,196,2025-06-16,8122.0,Transferência,Pago
1881,106,2025-02-21,1393.0,Boleto,Em aberto
1882,145,2025-04-21,8617.0,Boleto,Em aberto
1883,215,2023-07-30,4965.0,Transferência,Pago
1884,75,2023-02-14,707.0,PIX,Pago
1885,135,2025-06-25,1153.0,Transferência,Pago
1886,128,2025-05-20,3066.81,Transferência,Atrasado
1887,44,2024-04-05,820.0,Transferência,Pago
1888,69,2025-05-22,1552.63,Transferência,Atrasado
1889,109,2025-07-26,8190.0,Transferência,Em aberto
1890,217,2025-01-13,6049.0,PIX,Em aberto
1891,38,2025-01-17,5738.0,Cartão,Pago
1892,27,2023-07-29,1959.47,Transferência,Atrasado
1893,182,2025-02-05,8494.0,Cartão,Em aberto
1894,3,2023-12-22,1680.15,Transferência,Atrasado
1895,155,2024-08-01,3396.79,Boleto,Atrasado
1896,287,2025-03-25,7066.0,Boleto,Pago
1897,134,2024-08-05,8590.0,Transferência,Pago
1898,174,2024-12-29,4825.11,PIX,Atrasado
1899,272,2023-09-15,1056.65,Cartão,Atrasado
1900,161,2025-08-03,7983.0,Boleto,Pago
1901,256,2023-05-01,966.95,Transferência,Atrasado
1902,145,2025-05-23,6421.15,PIX,Atrasado
1903,265,2025-04-10,5089.69,Boleto,Atrasado
1904,162,2025-05-09,3622.0,Transferência,Em aberto
1905,78,2025-04-30,3385.0,Transferência,Em aberto
1906,28,2024-05-25,8986.0,Boleto,Pago
1907,28,2024-08-27,8986.0,Boleto,Pago
1908,19,2025-03-10,5403.58,Transferência,Atrasado
1909,224,2025-08-21,6586.0,Transferência,Pago
1910,21,2024-04-15,3588.97,Transferência,Atrasado
1911,235,2024-08-09,4641.73,Boleto,Atrasado
1912,64,2025-05-09,5234.58,PIX,Atrasado
1913,93,2024-11-06,4486.0,PIX,Pago
1914,289,2025-08-01,4024.0,Boleto,Em aberto
1915,299,2025-07-28,1244.0,Boleto,Pago
1916,214,2024-06-09,9337.0,Boleto,Pago
1917,256,2023-09-18,1210.0,Cartão,Em aberto
1918,169,2024-12-17,5772.0,PIX,Pago
1919,63,2025-06-10,1667.72,Cartão,Atrasado
1920,166,2025-07-03,8522.0,Cartão,Pago
1921,42,2024-11-19,6768.93,Transferência,Atrasado
1922,233,2023-10-13,9350.0,PIX,Em aberto
1923,3,2023-06-02,2125.65,Transferência,Atrasado
1924,167,2025-08-28,8435.0,Boleto,Em aberto
1925,109,2023-05-11,8190.0,PIX,Pago
1926,166,2025-07-09,8522.0,Cartão,Pago
1927,281,2023-05-21,2382.0,Transferência,Em aberto
1928,48,2024-08-16,2465.46,Boleto,Atrasado
1929,205,2025-07-17,1303.0,Cartão,Pago
1930,107,2025-04-17,2568.0,Transferência,Pago
1931,207,2024-10-20,4759.62,Boleto,Atrasado
1932,62,2025-05-15,580.05,Transferência,Atrasado
1933,159,2025-06-12,5281.0,Boleto,Em aberto
1934,184,2025-06-20,5208.0,Cartão,Em aberto
1935,189,2023-12-15,7556.0,Boleto,Em aberto
1936,251,2025-07-11,2864.87,Transferência,Atrasado
1937,138,2023-09-24,4915.0,Transferência,Em aberto
1938,47,2025-06-03,7788.09,Boleto,Atrasado
1939,223,2025-01-05,4795.0,Transferência,Em aberto
1940,48,2024-05-17,4095.0,PIX,Pago
1941,238,2025-08-24,4368.0,Boleto,Em aberto
1942,80,2024-10-29,5986.59,Cartão,Atrasado
1943,149,2024-07-28,349.62,Transferência,Atrasado
1944,154,2024-02-01,8441.0,Boleto,Pago
1945,154,2022-12-03,8441.0,Transferência,Pago
1946,152,2025-07-25,7742.0,Cartão,Em aberto
1947,283,2025-04-10,9621.0,Cartão,Pago
1948,263,2024-04-14,9484.0,Transferência,Pago
1949,212,2025-08-15,1976.0,Transferência,Pago
1950,292,2025-06-04,874.01,Cartão,Atrasado
1951,258,2025-06-25,1010.0,Cartão,Pago
1952,237,2024-10-28,4059.0,Boleto,Pago
1953,202,2024-02-02,9870.0,Cartão,Pago
1954,214,2024-09-07,9337.0,PIX,Em aberto
1955,161,2025-05-18,7983.0,Transferência,Em aberto
1956,231,2024-05-27,9307.0,PIX,Em aberto
1957,175,2023-09-23,2144.0,Boleto,Pago
1958,95,2024-10-07,6132.0,PIX,Pago
1959,55,2024-02-09,3398.88,Cartão,Atrasado
1960,203,2025-06-07,5337.0,Cartão,Pago
1961,88,2024-11-30,3630.0,Transferência,Em aberto
1962,236,2025-02-11,5083.0,Transferência,Em aberto
1963,250,2025-07-30,3287.06,PIX,Atrasado
1964,203,2025-08-11,2855.58,Boleto,Atrasado
1965,8,2024-05-10,2541.0,Cartão,Pago
1966,9,2025-01-14,5567.0,Boleto,Em aberto
1967,14,2025-03-25,7153.0,Transferência,Pago
1968,75,2023-05-18,707.0,Boleto,Em aberto
1969,224,2025-05-18,6586.0,Boleto,Em aberto
1970,45,2025-04-12,481.5,Boleto,Atrasado
1971,243,2024-04-16,431.91,Boleto,Atrasado
1972,79,2025-01-25,4925.0,Transferência,Em aberto
1973,249,2025-03-02,468.24,Transferência,Atrasado
1974,300,2025-03-09,1397.0,Boleto,Pago
1975,151,2024-11-25,6427.0,Transferência,Em aberto
1976,27,2024-04-05,1130.07,Transferência,Atrasado
1977,213,2025-05-26,5807.83,PIX,Atrasado
1978,19,2024-08-27,5902.56,Transferência,Atrasado
1979,119,2025-01-18,2125.0,Cartão,Em aberto
1980,271,2025-03-24,8270.0,Transferência,Pago
1981,296,2025-05-05,6415.26,PIX,Atrasado
1982,214,2025-06-02,5105.25,PIX,Atrasado
1983,230,2025-02-06,8571.0,Transferência,Em aberto
1984,11,2025-05-23,2585.0,PIX,Pago
1985,99,2025-07-24,1567.07,Boleto,Atrasado
1986,260,2024-05-01,8532.0,PIX,Pago
1987,240,2025-05-12,1492.0,PIX,Pago
1988,200,2024-10-28,4540.28,PIX,Atrasado
1989,242,2025-06-04,3975.0,Boleto,Pago
1990,145,2024-11-24,8617.0,Cartão,Em aberto
1991,248,2025-02-19,9350.0,Boleto,Pago
1992,103,2024-07-09,3680.0,Transferência,Pago
1993,52,2024-11-08,825.47,Transferência,Atrasado
1994,156,2024-11-16,9524.0,Boleto,Pago
1995,286,2025-08-10,3472.0,Cartão,Pago
1996,184,2024-10-11,3347.79,Boleto,Atrasado
1997,90,2024-05-09,4437.0,Cartão,Em aberto
1998,33,2025-04-01,2088.68,Boleto,Atrasado
1999,62,2025-01-04,833.0,Boleto,Em aberto
2000,250,2024-09-29,3947.05,PIX,Atrasado
